latitude,longitude,elevation,utc_offset_seconds,timezone,timezone_abbreviation
0.375,32.375,1184.0,10800,Africa/Kampala,GMT+3

time,temperature_2m (°C),relative_humidity_2m (%),dew_point_2m (°C),apparent_temperature (°C),rain (mm),cloud_cover (%),wind_gusts_10m (km/h)
2025-01-01T00:00,19.8,74,15.0,21.0,0.00,87,5.0
2025-01-01T01:00,19.0,80,15.5,20.5,0.00,88,5.0
2025-01-01T02:00,18.7,83,15.7,20.2,0.00,99,4.0
2025-01-01T03:00,18.9,79,15.2,20.4,0.10,100,9.0
2025-01-01T04:00,18.8,80,15.2,20.3,0.00,100,3.6
2025-01-01T05:00,18.6,82,15.4,20.2,0.00,100,2.9
2025-01-01T06:00,18.6,81,15.2,20.1,0.00,100,2.2
2025-01-01T07:00,18.8,78,14.9,20.1,0.00,100,2.5
2025-01-01T08:00,19.5,78,15.6,21.4,0.00,100,2.9
2025-01-01T09:00,22.6,70,16.9,24.7,0.00,100,2.5
2025-01-01T10:00,23.9,62,16.2,25.2,0.00,100,10.8
2025-01-01T11:00,25.3,59,16.7,26.5,0.00,100,18.4
2025-01-01T12:00,26.5,54,16.4,27.6,0.00,100,28.1
2025-01-01T13:00,27.6,47,15.3,28.7,0.00,100,28.4
2025-01-01T14:00,28.3,43,14.5,29.9,0.00,90,25.9
2025-01-01T15:00,28.2,42,14.1,29.4,0.00,90,23.0
2025-01-01T16:00,28.3,41,13.8,28.3,0.00,92,16.2
2025-01-01T17:00,28.0,41,13.5,27.8,0.00,93,16.9
2025-01-01T18:00,27.0,46,14.4,27.4,0.00,62,17.3
2025-01-01T19:00,24.7,57,15.6,26.1,0.00,37,11.5
2025-01-01T20:00,22.0,70,16.3,23.6,0.00,48,6.1
2025-01-01T21:00,21.3,70,15.6,22.6,0.00,37,8.6
2025-01-01T22:00,19.3,81,16.0,20.8,0.00,49,7.2
2025-01-01T23:00,18.6,85,16.0,20.1,0.00,71,6.1
2025-01-02T00:00,18.7,85,16.1,20.3,0.00,93,6.5
2025-01-02T01:00,18.8,85,16.2,20.6,0.00,91,5.8
2025-01-02T02:00,18.9,84,16.2,20.7,0.00,75,7.2
2025-01-02T03:00,19.0,82,15.8,20.8,0.00,70,4.0
2025-01-02T04:00,18.9,80,15.4,20.6,0.00,81,1.4
2025-01-02T05:00,18.6,78,14.7,19.9,0.00,15,2.2
2025-01-02T06:00,18.3,78,14.4,19.3,0.00,36,3.6
2025-01-02T07:00,17.0,84,14.3,18.0,0.00,83,5.0
2025-01-02T08:00,18.0,86,15.6,19.2,0.00,85,7.2
2025-01-02T09:00,22.7,78,18.7,25.2,0.00,55,13.7
2025-01-02T10:00,24.7,73,19.5,27.1,0.00,50,16.2
2025-01-02T11:00,26.1,64,18.8,29.2,0.00,59,20.9
2025-01-02T12:00,27.1,60,18.6,30.5,0.00,79,22.3
2025-01-02T13:00,26.5,65,19.4,29.1,0.00,82,23.0
2025-01-02T14:00,27.1,62,19.2,30.0,0.00,77,29.5
2025-01-02T15:00,27.5,56,17.9,29.3,0.00,89,27.4
2025-01-02T16:00,27.4,56,17.9,28.7,0.00,79,23.8
2025-01-02T17:00,27.0,57,17.7,28.0,0.00,41,23.8
2025-01-02T18:00,26.1,59,17.5,27.3,0.00,43,20.9
2025-01-02T19:00,24.0,70,18.2,25.6,0.00,9,18.0
2025-01-02T20:00,22.3,79,18.5,24.2,0.00,0,15.5
2025-01-02T21:00,20.8,85,18.2,23.0,0.00,0,13.3
2025-01-02T22:00,19.8,88,17.8,22.0,0.00,0,8.3
2025-01-02T23:00,19.1,90,17.4,21.2,0.00,28,7.6
2025-01-03T00:00,18.7,91,17.2,20.7,0.00,68,6.5
2025-01-03T01:00,18.5,93,17.4,20.7,0.00,80,5.8
2025-01-03T02:00,18.5,93,17.3,20.6,0.00,96,5.0
2025-01-03T03:00,17.6,95,16.8,19.6,0.00,79,6.1
2025-01-03T04:00,17.4,96,16.8,19.4,0.00,69,4.3
2025-01-03T05:00,17.0,97,16.5,18.8,0.00,73,5.0
2025-01-03T06:00,16.5,97,16.0,18.3,0.00,87,5.4
2025-01-03T07:00,16.5,97,16.0,18.2,0.00,91,4.0
2025-01-03T08:00,17.8,95,17.0,19.9,0.00,100,4.3
2025-01-03T09:00,22.4,82,19.1,25.5,0.00,97,4.7
2025-01-03T10:00,25.1,71,19.4,28.1,0.00,51,9.4
2025-01-03T11:00,26.2,66,19.4,29.2,0.00,71,24.5
2025-01-03T12:00,27.5,60,19.0,31.3,0.00,71,14.4
2025-01-03T13:00,28.1,56,18.5,31.1,0.00,76,21.2
2025-01-03T14:00,28.6,53,18.1,31.1,0.00,82,21.2
2025-01-03T15:00,28.3,52,17.5,29.4,0.00,56,23.4
2025-01-03T16:00,27.6,54,17.4,28.8,0.00,54,21.6
2025-01-03T17:00,27.2,55,17.4,28.5,0.00,32,17.3
2025-01-03T18:00,26.5,57,17.3,27.6,0.00,3,17.6
2025-01-03T19:00,24.5,67,18.0,26.3,0.00,1,17.6
2025-01-03T20:00,22.3,78,18.3,24.6,0.00,23,11.9
2025-01-03T21:00,20.6,86,18.1,22.9,0.00,12,9.0
2025-01-03T22:00,19.5,90,17.8,21.6,0.00,13,8.6
2025-01-03T23:00,19.0,91,17.5,20.9,0.00,43,9.4
2025-01-04T00:00,18.9,90,17.2,21.3,0.00,72,8.6
2025-01-04T01:00,19.0,90,17.3,21.4,0.00,77,1.8
2025-01-04T02:00,18.9,90,17.2,21.0,0.00,88,3.6
2025-01-04T03:00,18.3,93,17.1,20.4,0.00,93,5.8
2025-01-04T04:00,18.2,93,17.1,20.4,0.00,94,4.7
2025-01-04T05:00,18.1,93,17.0,20.3,0.00,86,4.0
2025-01-04T06:00,17.8,94,16.8,19.8,0.00,82,4.7
2025-01-04T07:00,17.8,93,16.7,20.0,0.00,65,4.7
2025-01-04T08:00,18.9,92,17.5,21.3,0.00,70,4.3
2025-01-04T09:00,22.7,82,19.5,26.0,0.00,100,3.6
2025-01-04T10:00,25.0,69,18.9,28.1,0.00,100,5.4
2025-01-04T11:00,26.6,58,17.7,29.1,0.00,100,9.4
2025-01-04T12:00,28.2,50,16.8,31.3,0.00,100,12.2
2025-01-04T13:00,28.8,49,17.0,31.9,0.00,99,22.0
2025-01-04T14:00,27.6,61,19.4,29.7,0.00,100,26.3
2025-01-04T15:00,26.1,70,20.2,29.4,0.00,100,26.3
2025-01-04T16:00,26.8,65,19.7,30.5,0.00,100,19.1
2025-01-04T17:00,26.7,62,18.8,29.8,0.00,92,15.8
2025-01-04T18:00,26.3,62,18.5,29.1,0.00,28,4.7
2025-01-04T19:00,24.5,71,18.9,27.3,0.00,2,6.8
2025-01-04T20:00,22.4,80,18.8,25.2,0.00,10,5.8
2025-01-04T21:00,21.2,85,18.6,23.8,0.00,3,6.5
2025-01-04T22:00,20.1,89,18.2,22.4,0.00,36,7.2
2025-01-04T23:00,19.2,93,18.1,21.7,0.00,53,6.8
2025-01-05T00:00,18.6,95,17.8,21.0,0.00,79,5.0
2025-01-05T01:00,18.5,95,17.7,21.0,0.00,87,4.3
2025-01-05T02:00,18.5,95,17.7,21.2,0.00,55,2.5
2025-01-05T03:00,18.2,92,16.8,20.2,0.00,54,4.0
2025-01-05T04:00,17.6,93,16.5,19.4,0.00,67,5.0
2025-01-05T05:00,17.4,93,16.3,19.2,0.00,68,5.0
2025-01-05T06:00,17.4,91,15.9,19.0,0.00,33,4.3
2025-01-05T07:00,17.2,92,15.9,18.6,0.00,36,6.1
2025-01-05T08:00,18.6,89,16.7,20.6,0.00,54,6.1
2025-01-05T09:00,22.3,81,18.9,25.3,0.00,100,4.3
2025-01-05T10:00,24.9,71,19.3,27.8,0.00,66,9.4
2025-01-05T11:00,26.9,59,18.2,30.0,0.00,39,15.5
2025-01-05T12:00,28.4,53,17.9,31.9,0.00,32,18.4
2025-01-05T13:00,29.7,47,17.2,32.9,0.00,62,20.5
2025-01-05T14:00,30.3,40,15.2,32.1,0.00,52,22.3
2025-01-05T15:00,29.8,40,14.8,30.0,0.00,63,21.2
2025-01-05T16:00,27.3,60,18.9,27.8,0.00,47,33.5
2025-01-05T17:00,27.3,56,17.8,27.9,0.00,47,33.5
2025-01-05T18:00,26.7,60,18.3,28.0,0.00,49,27.0
2025-01-05T19:00,24.2,74,19.3,26.5,0.00,0,20.2
2025-01-05T20:00,22.3,81,18.9,24.8,0.00,0,13.7
2025-01-05T21:00,21.0,87,18.7,23.7,0.00,27,7.9
2025-01-05T22:00,19.5,91,18.0,21.9,0.00,15,6.8
2025-01-05T23:00,18.7,93,17.5,20.9,0.00,47,5.8
2025-01-06T00:00,18.0,96,17.3,20.1,0.00,77,5.4
2025-01-06T01:00,17.8,97,17.3,20.1,0.00,89,5.0
2025-01-06T02:00,18.3,95,17.5,20.8,0.00,90,3.6
2025-01-06T03:00,18.4,92,17.0,20.4,0.00,86,5.0
2025-01-06T04:00,18.0,94,17.0,20.1,0.00,93,4.7
2025-01-06T05:00,17.8,94,16.8,19.8,0.00,87,4.3
2025-01-06T06:00,17.7,94,16.7,19.7,0.00,87,4.0
2025-01-06T07:00,17.6,93,16.5,19.5,0.00,89,4.0
2025-01-06T08:00,18.7,90,17.0,20.8,0.00,79,4.0
2025-01-06T09:00,22.7,79,18.9,25.9,0.00,54,5.4
2025-01-06T10:00,25.2,66,18.4,27.6,0.00,50,10.1
2025-01-06T11:00,26.9,62,19.0,29.7,0.00,50,19.1
2025-01-06T12:00,27.9,57,18.6,30.9,0.00,49,21.6
2025-01-06T13:00,28.2,56,18.6,30.8,0.00,90,23.8
2025-01-06T14:00,28.9,51,17.7,31.2,0.00,57,25.9
2025-01-06T15:00,27.5,57,18.2,29.1,0.00,86,23.4
2025-01-06T16:00,27.6,54,17.4,28.4,0.00,71,24.5
2025-01-06T17:00,26.8,57,17.5,27.4,0.00,63,25.2
2025-01-06T18:00,25.6,63,18.0,26.4,0.00,34,25.9
2025-01-06T19:00,23.6,72,18.3,25.2,0.00,3,24.8
2025-01-06T20:00,21.9,81,18.5,24.1,0.00,10,15.8
2025-01-06T21:00,20.4,88,18.3,22.8,0.00,0,9.4
2025-01-06T22:00,19.2,92,17.8,21.4,0.00,5,6.8
2025-01-06T23:00,18.5,93,17.4,20.6,0.00,57,6.8
2025-01-07T00:00,18.3,94,17.3,20.2,0.00,87,7.6
2025-01-07T01:00,18.3,94,17.3,20.4,0.00,93,7.9
2025-01-07T02:00,18.1,95,17.3,20.3,0.00,88,6.1
2025-01-07T03:00,18.0,95,17.2,20.1,0.00,89,4.3
2025-01-07T04:00,17.7,96,17.0,20.0,0.00,92,4.0
2025-01-07T05:00,17.4,98,17.1,19.3,0.00,90,5.8
2025-01-07T06:00,17.4,97,16.9,19.4,0.00,94,6.1
2025-01-07T07:00,17.2,97,16.7,19.2,0.00,93,5.8
2025-01-07T08:00,18.2,95,17.4,20.5,0.00,65,4.7
2025-01-07T09:00,22.3,81,18.9,25.3,0.00,47,7.6
2025-01-07T10:00,25.0,71,19.3,28.0,0.00,57,9.7
2025-01-07T11:00,26.8,59,18.1,30.5,0.00,50,10.8
2025-01-07T12:00,28.1,52,17.3,32.0,0.00,54,9.7
2025-01-07T13:00,28.5,51,17.4,31.8,0.00,82,13.7
2025-01-07T14:00,24.9,74,19.9,26.0,0.00,100,31.7
2025-01-07T15:00,24.8,72,19.4,26.2,0.00,82,32.8
2025-01-07T16:00,25.8,66,18.9,27.6,0.00,72,28.1
2025-01-07T17:00,25.9,62,18.0,27.4,0.00,60,20.5
2025-01-07T18:00,25.2,63,17.6,26.8,0.00,22,16.9
2025-01-07T19:00,23.1,75,18.4,25.5,0.00,1,13.3
2025-01-07T20:00,21.0,85,18.4,23.6,0.00,28,6.8
2025-01-07T21:00,20.1,90,18.4,22.7,0.00,4,6.5
2025-01-07T22:00,19.2,92,17.8,21.6,0.00,6,4.7
2025-01-07T23:00,18.2,95,17.4,20.4,0.00,48,5.4
2025-01-08T00:00,17.3,97,16.8,19.1,0.00,62,5.8
2025-01-08T01:00,16.5,99,16.4,18.2,0.00,72,5.8
2025-01-08T02:00,16.0,99,15.8,17.4,0.00,73,5.8
2025-01-08T03:00,15.7,99,15.5,17.0,0.00,87,5.8
2025-01-08T04:00,15.5,98,15.2,16.7,0.00,88,6.1
2025-01-08T05:00,15.9,96,15.2,17.3,0.00,78,5.8
2025-01-08T06:00,15.9,95,15.1,17.3,0.00,76,4.0
2025-01-08T07:00,16.3,93,15.2,17.8,0.00,72,3.2
2025-01-08T08:00,17.9,89,16.1,19.8,0.00,62,2.9
2025-01-08T09:00,21.0,82,17.8,23.8,0.00,72,3.2
2025-01-08T10:00,23.8,72,18.5,26.5,0.00,63,7.2
2025-01-08T11:00,26.0,63,18.4,29.4,0.00,70,11.2
2025-01-08T12:00,27.9,50,16.5,30.5,0.00,72,19.1
2025-01-08T13:00,29.0,44,15.5,31.3,0.00,65,23.0
2025-01-08T14:00,29.5,42,15.2,31.9,0.00,73,22.7
2025-01-08T15:00,29.1,44,15.6,31.1,0.00,88,17.6
2025-01-08T16:00,29.1,43,15.2,30.2,0.00,90,10.1
2025-01-08T17:00,28.7,44,15.3,29.6,0.00,83,10.4
2025-01-08T18:00,27.9,46,15.2,28.8,0.00,63,10.4
2025-01-08T19:00,25.4,60,17.1,27.6,0.00,78,9.4
2025-01-08T20:00,23.4,67,16.9,25.4,0.00,90,3.6
2025-01-08T21:00,21.6,77,17.4,24.0,0.00,46,3.6
2025-01-08T22:00,20.7,80,17.1,22.9,0.00,23,2.5
2025-01-08T23:00,19.7,84,16.9,21.8,0.00,3,3.2
2025-01-09T00:00,19.1,85,16.5,20.9,0.00,4,4.0
2025-01-09T01:00,18.0,88,16.0,19.5,0.00,7,5.8
2025-01-09T02:00,18.1,85,15.5,19.5,0.00,83,5.4
2025-01-09T03:00,18.2,81,14.9,19.4,0.00,92,5.4
2025-01-09T04:00,18.2,80,14.7,19.3,0.00,100,4.3
2025-01-09T05:00,18.3,80,14.8,19.4,0.00,98,4.7
2025-01-09T06:00,18.0,80,14.5,18.9,0.00,100,5.8
2025-01-09T07:00,18.1,78,14.2,18.9,0.00,100,6.5
2025-01-09T08:00,19.4,77,15.3,20.4,0.00,100,8.3
2025-01-09T09:00,22.0,71,16.5,23.3,0.00,100,14.8
2025-01-09T10:00,23.9,62,16.2,24.3,0.00,100,21.6
2025-01-09T11:00,25.9,54,15.9,26.8,0.00,92,26.3
2025-01-09T12:00,27.5,44,14.1,28.1,0.00,53,30.6
2025-01-09T13:00,28.6,40,13.7,29.7,0.00,56,30.6
2025-01-09T14:00,28.8,39,13.5,29.5,0.00,83,29.2
2025-01-09T15:00,29.3,42,15.0,30.2,0.00,41,25.2
2025-01-09T16:00,29.2,41,14.6,30.8,0.00,82,13.7
2025-01-09T17:00,28.3,43,14.5,28.8,0.00,81,13.3
2025-01-09T18:00,27.2,51,16.2,28.8,0.00,16,13.3
2025-01-09T19:00,24.4,65,17.4,26.5,0.00,4,6.8
2025-01-09T20:00,21.5,83,18.5,23.9,0.00,1,9.0
2025-01-09T21:00,20.3,90,18.6,23.0,0.00,88,9.0
2025-01-09T22:00,19.6,92,18.2,22.2,0.00,7,5.4
2025-01-09T23:00,19.1,93,17.9,21.5,0.00,6,4.0
2025-01-10T00:00,18.4,94,17.4,20.6,0.00,32,4.3
2025-01-10T01:00,17.7,96,17.0,19.7,0.00,45,4.3
2025-01-10T02:00,17.1,97,16.6,19.1,0.00,57,4.0
2025-01-10T03:00,16.8,97,16.3,18.6,0.00,64,3.6
2025-01-10T04:00,16.4,98,16.1,18.3,0.00,81,3.2
2025-01-10T05:00,16.1,99,16.0,18.1,0.00,91,2.2
2025-01-10T06:00,15.9,100,15.9,17.6,0.00,82,2.9
2025-01-10T07:00,15.8,100,15.8,17.5,0.00,74,2.9
2025-01-10T08:00,17.6,95,16.8,19.6,0.00,48,4.0
2025-01-10T09:00,21.6,85,18.9,24.5,0.00,82,4.7
2025-01-10T10:00,23.9,77,19.6,26.5,0.00,100,13.7
2025-01-10T11:00,23.6,79,19.8,25.6,0.00,100,22.3
2025-01-10T12:00,24.8,77,20.5,27.3,0.00,100,28.4
2025-01-10T13:00,26.0,73,20.8,29.7,0.00,100,27.0
2025-01-10T14:00,26.6,67,20.0,30.6,0.00,100,20.9
2025-01-10T15:00,25.2,75,20.5,28.0,0.00,100,19.1
2025-01-10T16:00,25.4,73,20.2,28.3,0.00,80,20.9
2025-01-10T17:00,25.4,69,19.3,28.4,0.00,62,18.4
2025-01-10T18:00,25.0,68,18.7,27.8,0.00,61,6.5
2025-01-10T19:00,23.6,76,19.1,26.8,0.00,58,4.3
2025-01-10T20:00,22.3,80,18.7,25.3,0.00,21,2.2
2025-01-10T21:00,20.9,86,18.5,23.7,0.00,6,3.2
2025-01-10T22:00,20.1,89,18.3,22.8,0.00,50,3.2
2025-01-10T23:00,19.2,92,17.9,21.7,0.00,80,4.0
2025-01-11T00:00,18.8,94,17.8,21.2,0.00,78,3.6
2025-01-11T01:00,18.6,95,17.8,21.0,0.00,89,4.0
2025-01-11T02:00,18.5,96,17.9,21.1,0.00,90,11.9
2025-01-11T03:00,18.6,95,17.8,21.1,0.00,100,15.5
2025-01-11T04:00,18.9,93,17.8,21.4,0.00,99,12.2
2025-01-11T05:00,18.7,94,17.7,21.1,0.00,99,16.6
2025-01-11T06:00,18.9,94,17.9,21.6,0.00,97,4.3
2025-01-11T07:00,19.1,93,17.9,21.7,0.00,100,2.2
2025-01-11T08:00,19.3,94,18.3,21.9,0.00,97,4.7
2025-01-11T09:00,20.4,92,19.1,23.7,0.00,96,4.3
2025-01-11T10:00,22.3,82,19.1,25.5,0.00,96,14.4
2025-01-11T11:00,23.3,75,18.6,25.8,0.00,99,18.4
2025-01-11T12:00,23.6,76,19.1,26.3,0.00,100,18.4
2025-01-11T13:00,24.2,75,19.5,27.1,0.00,100,16.9
2025-01-11T14:00,24.6,75,19.8,27.4,0.00,100,16.2
2025-01-11T15:00,25.5,70,19.6,28.2,0.00,100,22.0
2025-01-11T16:00,24.2,76,19.7,26.6,0.00,100,22.7
2025-01-11T17:00,24.1,77,19.8,26.8,0.00,100,22.3
2025-01-11T18:00,23.6,78,19.6,26.7,0.00,100,22.0
2025-01-11T19:00,22.5,84,19.7,25.9,0.00,100,7.6
2025-01-11T20:00,21.4,88,19.3,24.6,0.00,100,3.6
2025-01-11T21:00,20.7,89,18.8,23.5,0.00,100,3.6
2025-01-11T22:00,19.8,92,18.4,22.5,0.00,100,4.3
2025-01-11T23:00,18.9,95,18.1,21.6,0.00,100,4.0
2025-01-12T00:00,18.4,96,17.8,21.0,0.00,100,3.2
2025-01-12T01:00,18.1,97,17.6,20.5,0.00,97,4.0
2025-01-12T02:00,18.2,97,17.7,20.4,0.00,100,5.8
2025-01-12T03:00,17.7,97,17.2,20.0,0.00,100,6.1
2025-01-12T04:00,17.9,96,17.2,20.2,0.00,72,3.2
2025-01-12T05:00,17.7,97,17.2,19.8,0.00,100,5.4
2025-01-12T06:00,17.9,96,17.3,20.3,0.00,100,12.6
2025-01-12T07:00,17.9,97,17.4,20.0,0.00,100,5.4
2025-01-12T08:00,18.6,96,18.0,21.4,0.00,100,5.0
2025-01-12T09:00,20.1,91,18.6,22.7,0.00,100,7.9
2025-01-12T10:00,21.2,88,19.2,23.8,0.00,100,15.5
2025-01-12T11:00,21.8,82,18.6,23.8,0.00,100,19.8
2025-01-12T12:00,23.1,77,18.9,24.9,0.00,97,18.4
2025-01-12T13:00,24.6,73,19.5,27.9,0.00,92,21.2
2025-01-12T14:00,25.8,67,19.2,29.6,0.00,100,21.2
2025-01-12T15:00,25.3,67,18.8,28.7,0.00,100,20.9
2025-01-12T16:00,25.5,69,19.4,28.9,0.00,82,14.0
2025-01-12T17:00,25.1,70,19.2,28.4,0.00,79,13.7
2025-01-12T18:00,24.8,71,19.2,28.1,0.00,59,3.6
2025-01-12T19:00,23.4,78,19.4,26.7,0.00,27,4.0
2025-01-12T20:00,22.2,81,18.8,25.2,0.00,23,2.5
2025-01-12T21:00,19.8,92,18.4,22.5,0.00,73,3.2
2025-01-12T22:00,19.0,94,18.0,21.5,0.00,84,3.6
2025-01-12T23:00,18.2,96,17.6,20.6,0.00,100,4.0
2025-01-13T00:00,17.7,98,17.4,19.8,0.00,100,5.0
2025-01-13T01:00,17.4,98,17.1,19.5,0.00,97,5.4
2025-01-13T02:00,17.1,99,17.0,19.2,0.00,95,5.0
2025-01-13T03:00,17.0,100,17.0,19.2,0.00,96,4.3
2025-01-13T04:00,16.8,100,16.8,18.9,0.00,100,3.6
2025-01-13T05:00,16.2,100,16.2,18.0,0.00,99,3.6
2025-01-13T06:00,15.8,100,15.8,17.5,0.00,99,4.0
2025-01-13T07:00,15.8,100,15.8,17.6,0.00,100,4.0
2025-01-13T08:00,16.6,100,16.6,18.7,0.00,100,2.9
2025-01-13T09:00,19.1,95,18.3,22.1,0.00,100,2.9
2025-01-13T10:00,23.0,79,19.2,26.2,0.00,100,5.8
2025-01-13T11:00,25.2,69,19.1,28.8,0.00,100,10.8
2025-01-13T12:00,26.5,62,18.6,30.0,0.00,100,23.8
2025-01-13T13:00,26.9,61,18.7,30.0,0.00,90,16.2
2025-01-13T14:00,27.2,59,18.5,29.4,0.00,100,23.0
2025-01-13T15:00,27.4,58,18.4,29.3,0.00,100,21.6
2025-01-13T16:00,27.2,57,17.9,28.9,0.00,100,16.6
2025-01-13T17:00,26.8,60,18.4,28.9,0.00,100,13.7
2025-01-13T18:00,25.8,64,18.4,27.9,0.00,80,16.6
2025-01-13T19:00,24.4,73,19.2,27.6,0.00,35,11.9
2025-01-13T20:00,23.4,75,18.7,26.5,0.00,0,2.9
2025-01-13T21:00,23.3,70,17.5,25.8,0.00,2,3.2
2025-01-13T22:00,22.4,72,17.1,24.7,0.00,2,1.8
2025-01-13T23:00,21.4,75,16.8,23.3,0.00,16,4.3
2025-01-14T00:00,19.5,84,16.7,21.3,0.00,58,5.4
2025-01-14T01:00,18.8,88,16.7,20.8,0.00,71,5.4
2025-01-14T02:00,18.7,89,16.8,20.3,0.00,93,11.2
2025-01-14T03:00,19.2,86,16.8,21.2,0.00,100,10.8
2025-01-14T04:00,19.1,87,16.9,21.0,0.00,100,7.2
2025-01-14T05:00,19.4,85,16.8,21.5,0.00,100,5.8
2025-01-14T06:00,19.6,81,16.3,21.3,0.00,100,5.0
2025-01-14T07:00,19.4,78,15.4,20.8,0.00,100,5.4
2025-01-14T08:00,19.8,77,15.7,21.3,0.00,100,4.7
2025-01-14T09:00,22.4,60,14.3,23.0,0.00,100,8.3
2025-01-14T10:00,23.7,54,13.9,23.3,0.00,100,20.2
2025-01-14T11:00,25.6,49,14.1,25.4,0.00,100,26.6
2025-01-14T12:00,27.4,45,14.4,28.0,0.00,100,29.2
2025-01-14T13:00,28.8,43,15.0,30.3,0.00,100,28.8
2025-01-14T14:00,29.6,40,14.6,30.8,0.00,100,27.4
2025-01-14T15:00,29.5,37,13.3,29.4,0.00,100,26.6
2025-01-14T16:00,29.6,36,12.9,28.3,0.00,100,26.3
2025-01-14T17:00,29.2,36,12.6,28.1,0.00,91,26.6
2025-01-14T18:00,28.6,38,12.9,28.0,0.00,72,23.0
2025-01-14T19:00,26.2,49,14.6,27.2,0.00,67,17.3
2025-01-14T20:00,23.1,63,15.7,24.4,0.00,30,6.5
2025-01-14T21:00,22.2,64,15.0,23.2,0.00,100,9.4
2025-01-14T22:00,19.6,79,15.9,21.2,0.00,100,6.8
2025-01-14T23:00,18.3,89,16.4,20.0,0.00,100,5.4
2025-01-15T00:00,17.4,93,16.3,19.1,0.00,100,5.8
2025-01-15T01:00,17.0,94,16.0,18.8,0.00,100,5.0
2025-01-15T02:00,17.4,90,15.7,19.0,0.00,100,2.9
2025-01-15T03:00,18.3,77,14.2,19.3,0.00,67,4.0
2025-01-15T04:00,17.8,76,13.5,18.5,0.00,70,3.6
2025-01-15T05:00,17.7,72,12.6,18.1,0.00,93,3.6
2025-01-15T06:00,18.1,68,12.1,18.6,0.00,97,2.9
2025-01-15T07:00,18.3,65,11.6,18.5,0.00,100,2.2
2025-01-15T08:00,18.4,66,12.0,18.6,0.00,100,4.7
2025-01-15T09:00,21.9,61,14.1,22.6,0.00,98,7.6
2025-01-15T10:00,24.9,49,13.5,24.6,0.00,77,16.9
2025-01-15T11:00,27.3,42,13.2,27.4,0.00,64,24.8
2025-01-15T12:00,28.7,39,13.4,29.2,0.00,100,29.9
2025-01-15T13:00,29.8,33,11.8,30.1,0.00,100,29.9
2025-01-15T14:00,30.2,32,11.7,30.6,0.00,100,28.4
2025-01-15T15:00,30.0,35,12.8,31.3,0.00,100,25.9
2025-01-15T16:00,29.6,36,12.9,30.0,0.00,100,18.4
2025-01-15T17:00,28.7,39,13.4,28.0,0.00,100,20.9
2025-01-15T18:00,27.0,46,14.4,26.3,0.00,100,25.2
2025-01-15T19:00,24.4,53,14.2,24.3,0.00,100,25.2
2025-01-15T20:00,22.2,62,14.6,22.9,0.00,100,16.6
2025-01-15T21:00,20.3,73,15.3,21.5,0.00,100,9.0
2025-01-15T22:00,19.0,80,15.4,20.3,0.00,79,5.8
2025-01-15T23:00,17.7,86,15.3,18.8,0.00,86,6.8
2025-01-16T00:00,16.9,90,15.2,18.1,0.00,60,6.8
2025-01-16T01:00,16.5,90,14.8,17.6,0.00,5,6.1
2025-01-16T02:00,15.9,92,14.6,17.1,0.00,20,5.0
2025-01-16T03:00,15.5,93,14.4,16.8,0.00,83,3.2
2025-01-16T04:00,15.1,95,14.3,16.3,0.00,99,2.5
2025-01-16T05:00,15.2,93,14.1,16.3,0.00,100,2.5
2025-01-16T06:00,15.2,92,13.9,16.2,0.00,100,2.5
2025-01-16T07:00,15.5,90,13.9,16.7,0.00,100,2.2
2025-01-16T08:00,16.7,89,14.9,18.0,0.00,100,5.0
2025-01-16T09:00,21.6,76,17.2,24.0,0.00,83,3.6
2025-01-16T10:00,25.0,57,15.9,25.5,0.00,59,20.9
2025-01-16T11:00,26.9,49,15.3,27.6,0.00,52,28.1
2025-01-16T12:00,28.3,45,15.3,29.6,0.00,65,28.1
2025-01-16T13:00,29.4,41,14.8,30.9,0.00,80,26.6
2025-01-16T14:00,29.9,39,14.5,31.3,0.00,77,25.6
2025-01-16T15:00,30.2,36,13.5,31.1,0.00,78,25.2
2025-01-16T16:00,29.8,37,13.6,29.9,0.00,79,23.8
2025-01-16T17:00,28.7,41,14.1,28.0,0.00,50,25.2
2025-01-16T18:00,27.2,46,14.6,26.5,0.00,62,26.6
2025-01-16T19:00,24.8,54,14.8,25.1,0.00,62,26.6
2025-01-16T20:00,22.1,67,15.7,23.4,0.00,62,13.7
2025-01-16T21:00,20.6,79,16.8,22.4,0.00,60,7.2
2025-01-16T22:00,19.4,84,16.6,21.3,0.00,54,5.8
2025-01-16T23:00,18.5,89,16.6,20.2,0.00,59,6.5
2025-01-17T00:00,17.8,91,16.3,19.3,0.00,96,7.9
2025-01-17T01:00,18.0,92,16.7,20.0,0.00,100,7.6
2025-01-17T02:00,17.9,92,16.6,19.9,0.00,100,3.6
2025-01-17T03:00,16.5,95,15.7,17.9,0.00,100,6.8
2025-01-17T04:00,16.6,93,15.4,18.0,0.00,100,5.8
2025-01-17T05:00,16.6,91,15.1,18.0,0.00,100,4.0
2025-01-17T06:00,16.7,90,15.1,18.1,0.00,100,2.9
2025-01-17T07:00,16.3,91,14.8,17.6,0.00,100,2.9
2025-01-17T08:00,17.4,90,15.8,19.1,0.00,100,3.6
2025-01-17T09:00,22.0,74,17.1,24.2,0.00,4,3.6
2025-01-17T10:00,25.2,53,14.9,26.2,0.00,0,10.8
2025-01-17T11:00,27.4,45,14.4,28.6,0.00,3,19.1
2025-01-17T12:00,28.6,45,15.5,30.1,0.00,78,27.7
2025-01-17T13:00,29.0,45,15.8,30.2,0.00,59,27.4
2025-01-17T14:00,30.0,40,15.0,31.5,0.00,41,27.7
2025-01-17T15:00,29.9,36,13.2,30.6,0.00,80,23.8
2025-01-17T16:00,29.7,33,11.7,29.2,0.00,79,25.2
2025-01-17T17:00,28.6,36,12.0,26.9,0.00,22,27.7
2025-01-17T18:00,27.0,39,11.8,25.3,0.00,10,28.1
2025-01-17T19:00,24.3,46,12.0,23.8,0.00,20,26.3
2025-01-17T20:00,21.5,57,12.6,21.6,0.00,5,11.9
2025-01-17T21:00,19.9,67,13.6,20.5,0.00,2,8.3
2025-01-17T22:00,18.3,76,14.0,18.9,0.00,17,7.9
2025-01-17T23:00,17.5,81,14.2,18.1,0.00,16,8.6
2025-01-18T00:00,17.2,84,14.5,18.2,0.00,44,8.6
2025-01-18T01:00,17.1,86,14.8,18.5,0.00,63,5.0
2025-01-18T02:00,17.0,87,14.8,18.3,0.00,98,2.5
2025-01-18T03:00,16.3,87,14.1,17.4,0.00,41,2.5
2025-01-18T04:00,16.1,88,14.1,17.0,0.00,20,2.9
2025-01-18T05:00,15.6,90,13.9,16.4,0.00,33,4.0
2025-01-18T06:00,14.9,93,13.7,15.7,0.00,87,4.0
2025-01-18T07:00,14.6,93,13.5,15.4,0.00,95,4.0
2025-01-18T08:00,15.9,91,14.4,17.0,0.00,90,4.0
2025-01-18T09:00,19.9,85,17.3,22.3,0.00,100,3.6
2025-01-18T10:00,24.3,63,16.8,26.5,0.00,100,4.0
2025-01-18T11:00,27.0,49,15.4,28.6,0.00,69,12.2
2025-01-18T12:00,28.9,42,14.7,30.9,0.00,100,17.6
2025-01-18T13:00,29.2,42,14.9,30.6,0.00,100,18.4
2025-01-18T14:00,29.4,41,14.8,30.2,0.00,100,18.4
2025-01-18T15:00,28.4,57,19.0,30.0,0.00,100,19.8
2025-01-18T16:00,27.6,58,18.6,29.1,0.00,100,23.0
2025-01-18T17:00,27.3,54,17.2,28.3,0.00,100,20.5
2025-01-18T18:00,26.1,60,17.8,27.3,0.00,100,19.8
2025-01-18T19:00,24.3,68,18.0,26.4,0.00,100,18.4
2025-01-18T20:00,22.3,76,17.8,24.5,0.00,100,9.4
2025-01-18T21:00,20.8,85,18.2,23.2,0.00,100,6.8
2025-01-18T22:00,19.4,91,17.9,21.8,0.00,100,5.8
2025-01-18T23:00,18.6,94,17.6,20.8,0.00,100,5.4
2025-01-19T00:00,18.3,93,17.2,20.3,0.00,100,6.8
2025-01-19T01:00,18.1,94,17.1,20.1,0.00,100,6.8
2025-01-19T02:00,17.8,95,17.0,19.9,0.00,100,5.8
2025-01-19T03:00,17.2,97,16.7,19.3,0.00,100,4.0
2025-01-19T04:00,16.9,98,16.6,19.1,0.00,100,2.2
2025-01-19T05:00,16.9,97,16.4,18.6,0.00,88,5.0
2025-01-19T06:00,17.1,95,16.3,18.8,0.00,88,6.1
2025-01-19T07:00,17.7,91,16.2,19.7,0.00,67,5.0
2025-01-19T08:00,18.8,88,16.7,20.7,0.00,54,4.7
2025-01-19T09:00,22.1,81,18.7,25.2,0.00,43,7.6
2025-01-19T10:00,25.1,69,19.0,28.0,0.00,51,7.9
2025-01-19T11:00,27.5,58,18.5,31.3,0.00,39,9.4
2025-01-19T12:00,29.3,47,16.8,33.6,0.00,6,9.4
2025-01-19T13:00,30.2,42,15.8,34.2,0.00,47,9.7
2025-01-19T14:00,30.0,42,15.7,32.5,0.00,93,10.4
2025-01-19T15:00,31.3,35,14.0,32.0,0.00,77,34.2
2025-01-19T16:00,28.0,58,19.0,28.9,0.00,48,30.6
2025-01-19T17:00,27.5,61,19.3,28.5,0.00,78,34.9
2025-01-19T18:00,27.5,52,16.8,28.4,0.00,100,31.3
2025-01-19T19:00,25.3,63,17.8,26.9,0.00,69,17.3
2025-01-19T20:00,22.9,77,18.6,25.3,0.00,12,13.3
2025-01-19T21:00,21.1,86,18.6,23.9,0.00,5,7.9
2025-01-19T22:00,19.8,91,18.3,22.2,0.00,53,5.8
2025-01-19T23:00,18.8,93,17.7,20.9,0.00,68,7.2
2025-01-20T00:00,18.7,93,17.5,20.7,0.00,78,7.2
2025-01-20T01:00,19.4,90,17.7,21.5,0.00,81,8.6
2025-01-20T02:00,19.9,88,17.8,22.3,0.00,76,7.9
2025-01-20T03:00,18.0,93,16.9,20.3,0.00,53,3.6
2025-01-20T04:00,17.7,95,16.9,20.0,0.00,79,0.7
2025-01-20T05:00,17.6,96,16.9,19.6,0.00,88,3.6
2025-01-20T06:00,17.2,96,16.6,19.2,0.00,95,4.7
2025-01-20T07:00,17.0,97,16.5,19.0,0.00,91,3.6
2025-01-20T08:00,17.7,95,16.9,19.7,0.00,90,4.7
2025-01-20T09:00,22.5,81,19.0,25.6,0.00,65,4.3
2025-01-20T10:00,25.2,68,18.9,27.7,0.00,62,11.5
2025-01-20T11:00,26.8,59,18.1,29.2,0.00,76,16.9
2025-01-20T12:00,27.7,56,18.1,30.6,0.00,74,18.7
2025-01-20T13:00,28.1,55,18.2,30.8,0.00,78,22.3
2025-01-20T14:00,28.3,54,18.1,31.1,0.00,86,21.6
2025-01-20T15:00,26.0,64,18.7,27.6,0.00,100,29.5
2025-01-20T16:00,26.7,62,18.8,27.8,0.00,88,30.6
2025-01-20T17:00,26.4,62,18.6,27.7,0.00,85,30.6
2025-01-20T18:00,25.7,63,18.1,26.4,0.00,52,27.7
2025-01-20T19:00,24.0,70,18.2,25.5,0.00,23,27.0
2025-01-20T20:00,22.1,80,18.5,24.2,0.00,6,16.2
2025-01-20T21:00,20.6,89,18.7,23.3,0.00,0,10.8
2025-01-20T22:00,19.6,92,18.2,21.9,0.00,15,7.9
2025-01-20T23:00,19.1,94,18.1,21.2,0.00,29,9.0
2025-01-21T00:00,19.4,92,18.0,21.5,0.00,37,9.7
2025-01-21T01:00,19.8,90,18.1,22.8,0.00,67,9.0
2025-01-21T02:00,19.4,92,18.0,22.0,0.00,100,4.3
2025-01-21T03:00,19.1,93,17.9,21.6,0.00,99,5.8
2025-01-21T04:00,18.8,94,17.8,21.3,0.00,100,4.3
2025-01-21T05:00,18.3,96,17.6,20.5,0.00,100,5.0
2025-01-21T06:00,18.0,96,17.4,20.2,0.00,100,6.1
2025-01-21T07:00,17.4,97,16.9,19.4,0.00,100,5.4
2025-01-21T08:00,18.1,97,17.6,20.4,0.00,100,6.1
2025-01-21T09:00,21.2,81,17.8,22.7,0.00,55,12.2
2025-01-21T10:00,23.4,74,18.5,25.1,0.00,27,18.7
2025-01-21T11:00,25.3,66,18.5,28.0,0.00,29,19.4
2025-01-21T12:00,26.4,60,18.0,29.5,0.00,61,18.4
2025-01-21T13:00,27.2,55,17.4,31.0,0.00,53,14.4
2025-01-21T14:00,27.9,53,17.4,31.7,0.00,77,10.1
2025-01-21T15:00,27.2,58,18.2,30.3,0.00,71,9.4
2025-01-21T16:00,27.1,60,18.6,29.5,0.00,100,16.6
2025-01-21T17:00,26.4,66,19.6,28.8,0.00,77,22.0
2025-01-21T18:00,24.9,70,19.1,26.9,0.00,45,25.2
2025-01-21T19:00,23.7,75,19.0,25.9,0.00,49,16.9
2025-01-21T20:00,21.9,81,18.5,24.3,0.00,9,12.2
2025-01-21T21:00,21.0,84,18.2,23.3,0.00,12,8.6
2025-01-21T22:00,19.9,88,17.8,22.1,0.00,3,7.2
2025-01-21T23:00,19.0,92,17.6,21.0,0.00,1,7.6
2025-01-22T00:00,18.4,94,17.4,20.3,0.00,32,7.9
2025-01-22T01:00,18.1,95,17.3,20.0,0.00,35,7.9
2025-01-22T02:00,17.9,95,17.1,19.7,0.00,48,7.6
2025-01-22T03:00,18.0,94,17.0,20.0,0.00,82,7.2
2025-01-22T04:00,18.0,95,17.2,20.1,0.00,92,5.8
2025-01-22T05:00,18.0,96,17.4,20.4,0.00,81,4.7
2025-01-22T06:00,17.8,97,17.3,19.9,0.00,100,6.5
2025-01-22T07:00,18.0,97,17.5,20.4,0.00,100,6.8
2025-01-22T08:00,18.9,95,18.1,21.5,0.00,100,9.0
2025-01-22T09:00,21.0,91,19.4,24.1,0.00,100,8.6
2025-01-22T10:00,23.0,79,19.1,25.4,0.00,100,12.2
2025-01-22T11:00,24.8,73,19.6,27.5,0.00,100,16.9
2025-01-22T12:00,26.3,68,19.9,29.8,0.00,80,25.6
2025-01-22T13:00,27.5,62,19.5,31.4,0.00,97,25.2
2025-01-22T14:00,27.1,62,19.2,29.8,0.00,100,23.8
2025-01-22T15:00,25.9,67,19.3,27.9,0.00,100,28.1
2025-01-22T16:00,24.8,73,19.7,27.1,0.00,98,20.9
2025-01-22T17:00,25.6,72,20.1,28.2,0.00,45,22.0
2025-01-22T18:00,24.9,71,19.3,27.2,0.00,85,23.4
2025-01-22T19:00,23.9,75,19.2,26.5,0.00,100,13.7
2025-01-22T20:00,22.3,82,19.0,25.1,0.00,97,9.0
2025-01-22T21:00,20.6,89,18.7,23.3,0.00,29,6.8
2025-01-22T22:00,19.7,92,18.4,22.4,0.00,45,5.4
2025-01-22T23:00,19.0,94,18.0,21.4,0.00,100,6.1
2025-01-23T00:00,18.9,93,17.8,21.1,0.00,100,7.2
2025-01-23T01:00,19.1,92,17.7,21.3,0.00,100,7.2
2025-01-23T02:00,18.8,92,17.5,21.0,0.00,100,7.2
2025-01-23T03:00,18.6,93,17.4,20.7,0.00,100,16.2
2025-01-23T04:00,18.5,93,17.4,20.7,0.00,100,18.7
2025-01-23T05:00,18.3,94,17.3,20.6,0.00,100,5.4
2025-01-23T06:00,18.1,94,17.1,20.3,0.00,100,4.0
2025-01-23T07:00,17.9,95,17.1,20.0,0.00,100,9.4
2025-01-23T08:00,18.7,93,17.6,20.9,0.00,100,10.1
2025-01-23T09:00,21.2,86,18.7,23.9,0.00,100,7.9
2025-01-23T10:00,23.1,78,19.1,25.2,0.00,100,16.6
2025-01-23T11:00,24.5,71,18.9,26.2,0.00,100,22.7
2025-01-23T12:00,25.7,67,19.1,28.3,0.00,100,26.3
2025-01-23T13:00,26.8,65,19.6,30.1,0.00,72,26.6
2025-01-23T14:00,26.7,64,19.3,29.6,0.00,100,26.3
2025-01-23T15:00,25.0,70,19.2,26.2,0.00,74,26.6
2025-01-23T16:00,25.6,65,18.6,27.0,0.00,53,26.6
2025-01-23T17:00,25.4,65,18.4,26.6,0.00,57,24.5
2025-01-23T18:00,24.8,66,18.0,25.9,0.00,55,22.7
2025-01-23T19:00,23.3,73,18.2,25.0,0.00,100,20.9
2025-01-23T20:00,21.7,81,18.3,24.0,0.00,100,14.4
2025-01-23T21:00,20.6,87,18.4,23.4,0.00,100,7.9
2025-01-23T22:00,19.7,91,18.2,22.2,0.00,27,5.0
2025-01-23T23:00,18.9,94,17.9,21.4,0.00,42,5.0
2025-01-24T00:00,18.3,96,17.6,20.6,0.00,48,4.3
2025-01-24T01:00,17.7,97,17.2,19.8,0.00,53,5.0
2025-01-24T02:00,17.2,98,16.9,19.1,0.00,68,5.0
2025-01-24T03:00,16.8,99,16.6,18.7,0.00,100,5.0
2025-01-24T04:00,16.6,99,16.4,18.5,0.00,100,4.3
2025-01-24T05:00,16.6,98,16.3,18.4,0.00,100,4.0
2025-01-24T06:00,16.5,98,16.2,18.3,0.00,100,5.0
2025-01-24T07:00,16.4,99,16.2,18.0,0.00,100,5.8
2025-01-24T08:00,17.4,97,16.9,19.5,0.00,49,5.8
2025-01-24T09:00,21.6,85,19.0,24.7,0.00,0,5.0
2025-01-24T10:00,23.9,78,19.9,27.0,0.00,47,11.5
2025-01-24T11:00,25.6,67,19.0,29.2,0.00,56,13.0
2025-01-24T12:00,26.9,60,18.5,31.6,0.00,60,23.0
2025-01-24T13:00,27.6,57,18.3,32.3,0.00,81,19.1
2025-01-24T14:00,28.0,52,17.3,31.1,0.00,100,14.4
2025-01-24T15:00,27.3,55,17.5,29.8,0.00,100,15.8
2025-01-24T16:00,26.3,64,18.9,28.7,0.00,100,20.2
2025-01-24T17:00,25.1,73,19.9,27.9,0.00,44,24.5
2025-01-24T18:00,25.1,73,19.9,28.2,0.00,42,12.2
2025-01-24T19:00,24.0,77,19.7,27.0,0.00,23,9.7
2025-01-24T20:00,22.6,84,19.7,26.0,0.00,17,7.9
2025-01-24T21:00,21.8,84,19.0,25.0,0.00,0,4.0
2025-01-24T22:00,21.1,86,18.7,24.2,0.00,14,1.4
2025-01-24T23:00,20.8,85,18.2,23.6,0.00,0,2.2
2025-01-25T00:00,20.1,86,17.7,22.5,0.00,23,4.0
2025-01-25T01:00,19.3,88,17.2,21.4,0.00,64,4.7
2025-01-25T02:00,18.7,90,17.0,20.6,0.00,100,5.4
2025-01-25T03:00,18.7,91,17.2,20.8,0.00,100,6.1
2025-01-25T04:00,18.9,88,16.8,21.0,0.00,100,5.8
2025-01-25T05:00,19.2,86,16.8,21.5,0.00,100,3.2
2025-01-25T06:00,19.5,84,16.7,21.5,0.00,100,2.2
2025-01-25T07:00,18.9,87,16.7,20.8,0.00,100,4.3
2025-01-25T08:00,19.1,89,17.2,21.2,0.00,100,4.7
2025-01-25T09:00,20.8,89,18.9,23.8,0.00,100,4.3
2025-01-25T10:00,22.2,77,18.0,24.7,0.00,100,5.8
2025-01-25T11:00,23.0,74,18.1,25.3,0.00,100,7.9
2025-01-25T12:00,23.2,74,18.3,25.4,0.00,100,10.1
2025-01-25T13:00,23.6,74,18.7,25.8,0.00,100,12.6
2025-01-25T14:00,25.0,69,18.9,27.3,0.00,92,25.2
2025-01-25T15:00,25.5,68,19.1,28.1,0.00,78,27.4
2025-01-25T16:00,24.9,71,19.3,26.7,0.00,100,28.4
2025-01-25T17:00,25.6,61,17.5,27.0,0.00,55,25.2
2025-01-25T18:00,25.1,61,17.0,26.6,0.00,41,15.5
2025-01-25T19:00,23.7,72,18.3,26.4,0.00,11,11.2
2025-01-25T20:00,21.3,83,18.3,23.8,0.00,26,6.1
2025-01-25T21:00,20.6,89,18.7,23.1,0.00,42,6.8
2025-01-25T22:00,19.9,93,18.7,22.4,0.00,43,8.3
2025-01-25T23:00,19.4,95,18.6,22.0,0.00,48,7.6
2025-01-26T00:00,18.9,96,18.2,21.4,0.00,55,6.1
2025-01-26T01:00,18.3,97,17.8,20.6,0.00,53,6.5
2025-01-26T02:00,18.1,96,17.5,20.3,0.00,56,6.5
2025-01-26T03:00,18.7,97,18.2,21.1,0.00,100,5.8
2025-01-26T04:00,18.7,97,18.2,21.1,0.00,100,6.8
2025-01-26T05:00,19.0,97,18.5,21.8,0.00,100,6.8
2025-01-26T06:00,19.1,96,18.5,22.0,0.00,100,4.7
2025-01-26T07:00,18.8,98,18.4,21.7,0.00,100,2.9
2025-01-26T08:00,19.3,98,18.9,22.4,0.00,91,2.5
2025-01-26T09:00,21.4,91,19.8,24.9,0.00,93,5.8
2025-01-26T10:00,22.8,85,20.2,26.6,0.00,100,16.2
2025-01-26T11:00,24.3,73,19.1,27.5,0.00,100,24.1
2025-01-26T12:00,25.7,66,18.8,29.4,0.00,91,29.5
2025-01-26T13:00,26.9,58,18.0,30.4,0.00,64,30.6
2025-01-26T14:00,27.6,54,17.4,30.2,0.00,66,27.7
2025-01-26T15:00,27.3,56,17.7,30.3,0.00,94,23.4
2025-01-26T16:00,27.0,56,17.5,28.6,0.00,70,17.3
2025-01-26T17:00,26.8,55,17.0,28.3,0.00,55,13.7
2025-01-26T18:00,26.3,55,16.6,27.8,0.00,66,12.2
2025-01-26T19:00,24.9,67,18.4,27.9,0.00,86,9.4
2025-01-26T20:00,22.5,77,18.3,24.9,0.00,88,7.2
2025-01-26T21:00,21.0,90,19.3,23.5,0.00,100,9.0
2025-01-26T22:00,20.2,93,19.0,22.8,0.00,99,10.1
2025-01-26T23:00,19.5,94,18.5,22.1,0.00,85,7.9
2025-01-27T00:00,19.0,95,18.2,21.5,0.00,85,6.5
2025-01-27T01:00,18.4,96,17.8,20.9,0.00,57,4.7
2025-01-27T02:00,17.8,99,17.6,20.1,0.00,99,4.3
2025-01-27T03:00,17.6,98,17.3,19.9,0.00,86,4.3
2025-01-27T04:00,17.2,99,17.1,19.4,0.00,88,3.6
2025-01-27T05:00,16.7,99,16.6,18.7,0.00,96,3.6
2025-01-27T06:00,16.5,100,16.5,18.4,0.00,100,3.6
2025-01-27T07:00,16.4,99,16.2,18.2,0.00,100,4.0
2025-01-27T08:00,17.5,98,17.2,19.7,0.00,72,4.0
2025-01-27T09:00,20.9,93,19.7,24.5,0.00,54,5.0
2025-01-27T10:00,24.1,79,20.2,27.7,0.00,28,6.8
2025-01-27T11:00,26.1,59,17.4,28.7,0.00,17,16.2
2025-01-27T12:00,27.3,46,14.6,28.9,0.00,7,24.8
2025-01-27T13:00,28.2,41,13.7,29.7,0.00,0,25.9
2025-01-27T14:00,28.9,39,13.6,30.5,0.00,0,26.3
2025-01-27T15:00,28.7,39,13.4,30.1,0.00,77,26.3
2025-01-27T16:00,28.5,39,13.2,28.6,0.00,34,22.7
2025-01-27T17:00,28.2,39,12.9,27.5,0.00,12,22.0
2025-01-27T18:00,27.1,45,14.1,27.4,0.00,5,19.4
2025-01-27T19:00,24.6,56,15.2,25.9,0.00,34,11.9
2025-01-27T20:00,23.4,59,14.9,24.9,0.00,100,4.0
2025-01-27T21:00,23.1,51,12.4,23.5,0.00,100,4.3
2025-01-27T22:00,21.7,56,12.6,22.2,0.00,100,2.9
2025-01-27T23:00,20.9,57,12.0,21.1,0.00,28,3.2
2025-01-28T00:00,19.8,61,12.1,20.0,0.00,43,4.0
2025-01-28T01:00,18.4,66,12.0,18.5,0.00,41,5.4
2025-01-28T02:00,17.2,74,12.5,17.5,0.00,70,5.4
2025-01-28T03:00,18.8,62,11.4,19.0,0.00,85,4.3
2025-01-28T04:00,18.3,64,11.4,18.5,0.00,66,2.2
2025-01-28T05:00,18.3,64,11.3,18.5,0.00,50,2.2
2025-01-28T06:00,18.0,63,10.9,18.1,0.00,48,1.8
2025-01-28T07:00,17.7,62,10.3,17.6,0.00,68,2.5
2025-01-28T08:00,18.5,60,10.6,18.6,0.00,100,1.4
2025-01-28T09:00,21.3,74,16.5,23.4,0.00,100,1.4
2025-01-28T10:00,24.2,64,17.0,26.6,0.00,10,2.5
2025-01-28T11:00,26.3,50,15.1,29.5,0.00,0,3.2
2025-01-28T12:00,27.7,42,13.6,30.8,0.00,4,9.0
2025-01-28T13:00,28.6,38,12.9,31.9,0.00,6,11.9
2025-01-28T14:00,29.2,36,12.6,32.4,0.00,19,12.2
2025-01-28T15:00,28.5,43,14.7,32.2,0.00,80,11.5
2025-01-28T16:00,28.6,43,14.8,30.8,0.00,62,8.3
2025-01-28T17:00,28.4,44,15.0,29.5,0.00,47,7.2
2025-01-28T18:00,27.1,50,15.8,28.1,0.00,100,10.8
2025-01-28T19:00,24.0,71,18.4,25.8,0.00,100,14.8
2025-01-28T20:00,22.3,83,19.3,24.6,0.00,100,15.8
2025-01-28T21:00,21.7,79,17.9,23.4,0.00,100,14.4
2025-01-28T22:00,21.1,82,17.9,23.2,0.00,100,10.8
2025-01-28T23:00,20.7,87,18.5,23.5,0.00,93,8.3
2025-01-29T00:00,20.0,91,18.5,22.6,0.00,81,5.4
2025-01-29T01:00,19.4,95,18.5,22.1,0.00,87,5.4
2025-01-29T02:00,19.3,95,18.4,21.9,0.00,90,5.8
2025-01-29T03:00,18.7,96,18.1,21.2,0.00,96,5.8
2025-01-29T04:00,18.7,96,18.1,21.4,0.00,98,4.0
2025-01-29T05:00,18.6,97,18.1,21.2,0.00,99,4.0
2025-01-29T06:00,18.4,98,18.1,21.0,0.00,96,4.7
2025-01-29T07:00,18.2,98,17.8,20.5,0.00,91,5.8
2025-01-29T08:00,19.0,96,18.4,21.7,0.00,92,5.4
2025-01-29T09:00,21.3,88,19.3,24.5,0.00,88,5.8
2025-01-29T10:00,23.4,81,20.0,27.0,0.00,86,6.5
2025-01-29T11:00,24.9,72,19.5,28.3,0.00,89,5.4
2025-01-29T12:00,26.3,59,17.6,29.4,0.00,81,11.2
2025-01-29T13:00,27.4,50,16.0,29.5,0.00,79,18.0
2025-01-29T14:00,28.0,45,15.0,30.2,0.00,59,20.5
2025-01-29T15:00,28.1,46,15.4,30.9,0.00,63,20.9
2025-01-29T16:00,27.8,43,14.1,28.3,0.00,69,14.8
2025-01-29T17:00,27.0,45,14.1,27.2,0.00,79,14.0
2025-01-29T18:00,25.8,56,16.4,27.4,0.00,83,13.3
2025-01-29T19:00,24.1,69,18.0,26.6,0.00,57,6.8
2025-01-29T20:00,21.8,81,18.4,24.1,0.00,68,8.6
2025-01-29T21:00,21.2,89,19.3,24.0,0.00,67,9.7
2025-01-29T22:00,20.7,91,19.1,23.7,0.00,84,7.9
2025-01-29T23:00,20.3,92,18.9,23.1,0.00,91,5.0
2025-01-30T00:00,19.8,94,18.8,22.7,0.00,91,5.0
2025-01-30T01:00,19.6,95,18.7,22.5,0.00,95,4.0
2025-01-30T02:00,19.5,95,18.6,22.4,0.00,95,3.6
2025-01-30T03:00,19.7,91,18.2,22.4,0.00,90,2.9
2025-01-30T04:00,19.6,91,18.1,22.4,0.00,94,2.5
2025-01-30T05:00,19.5,92,18.1,22.1,0.00,92,2.5
2025-01-30T06:00,18.9,94,17.9,21.5,0.00,94,4.7
2025-01-30T07:00,18.8,93,17.6,21.2,0.00,100,3.2
2025-01-30T08:00,19.5,91,18.0,22.2,0.00,100,2.9
2025-01-30T09:00,21.8,92,20.4,25.4,0.00,100,3.6
2025-01-30T10:00,24.2,84,21.3,28.2,0.00,100,8.6
2025-01-30T11:00,26.0,62,18.2,29.5,0.00,99,9.0
2025-01-30T12:00,27.2,52,16.5,30.9,0.00,36,8.6
2025-01-30T13:00,28.0,45,15.0,31.5,0.00,34,11.2
2025-01-30T14:00,28.4,42,14.2,31.4,0.00,55,11.9
2025-01-30T15:00,25.3,69,19.2,27.8,0.00,69,10.8
2025-01-30T16:00,24.2,78,20.1,25.8,0.00,80,34.2
2025-01-30T17:00,24.0,74,19.1,25.1,0.00,61,35.3
2025-01-30T18:00,23.7,72,18.3,24.6,0.00,35,27.4
2025-01-30T19:00,22.3,79,18.5,23.8,0.00,32,25.2
2025-01-30T20:00,21.0,84,18.2,23.0,0.00,4,18.0
2025-01-30T21:00,20.3,85,17.7,22.3,0.00,1,11.2
2025-01-30T22:00,19.5,89,17.7,21.6,0.00,52,8.3
2025-01-30T23:00,18.9,92,17.6,20.9,0.00,43,7.9
2025-01-31T00:00,18.4,94,17.4,20.5,0.00,71,7.9
2025-01-31T01:00,18.0,95,17.2,20.0,0.00,80,6.5
2025-01-31T02:00,17.6,98,17.3,19.5,0.00,91,6.8
2025-01-31T03:00,17.2,98,16.9,19.2,0.00,86,7.6
2025-01-31T04:00,17.3,97,16.8,19.4,0.00,88,5.0
2025-01-31T05:00,17.1,97,16.6,19.0,0.00,72,4.0
2025-01-31T06:00,16.8,97,16.3,18.6,0.00,88,4.7
2025-01-31T07:00,16.6,98,16.3,18.4,0.00,88,4.7
2025-01-31T08:00,17.4,97,16.9,19.4,0.00,83,4.3
2025-01-31T09:00,21.0,89,19.1,23.8,0.00,58,6.5
2025-01-31T10:00,23.6,81,20.2,26.7,0.00,33,11.9
2025-01-31T11:00,25.5,69,19.4,29.4,0.00,53,12.2
2025-01-31T12:00,26.7,58,17.8,30.0,0.00,52,16.9
2025-01-31T13:00,27.7,52,17.0,30.8,0.00,49,18.7
2025-01-31T14:00,28.2,46,15.5,30.8,0.00,42,19.4
2025-01-31T15:00,27.0,54,16.9,31.2,0.00,73,19.4
2025-01-31T16:00,27.1,55,17.3,29.1,0.00,69,7.9
2025-01-31T17:00,26.2,61,18.1,27.6,0.00,42,17.6
2025-01-31T18:00,25.1,71,19.5,27.3,0.00,32,19.1
2025-01-31T19:00,23.5,80,19.8,26.3,0.00,12,17.3
2025-01-31T20:00,21.6,87,19.4,24.7,0.00,0,10.4
2025-01-31T21:00,20.7,89,18.8,23.7,0.00,0,5.0
2025-01-31T22:00,20.2,90,18.5,23.1,0.00,0,2.5
2025-01-31T23:00,19.5,92,18.2,22.1,0.00,0,2.9
2025-02-01T00:00,18.7,94,17.7,21.1,0.00,0,3.6
2025-02-01T01:00,17.9,96,17.3,20.2,0.00,40,3.6
2025-02-01T02:00,17.4,97,16.9,19.6,0.00,58,3.6
2025-02-01T03:00,17.1,100,17.1,19.4,0.00,85,2.9
2025-02-01T04:00,17.4,99,17.3,19.7,0.00,98,3.6
2025-02-01T05:00,17.3,100,17.3,19.6,0.00,96,4.0
2025-02-01T06:00,17.3,99,17.1,19.4,0.00,97,4.0
2025-02-01T07:00,17.4,98,17.1,19.6,0.00,100,4.0
2025-02-01T08:00,18.0,96,17.4,20.3,0.00,98,4.3
2025-02-01T09:00,20.9,93,19.7,24.2,0.00,88,4.7
2025-02-01T10:00,22.9,85,20.2,26.1,0.00,91,8.6
2025-02-01T11:00,23.9,79,20.1,26.3,0.00,87,18.4
2025-02-01T12:00,25.1,72,19.7,27.9,0.00,95,18.7
2025-02-01T13:00,26.0,65,18.9,29.0,0.00,95,19.4
2025-02-01T14:00,26.3,63,18.7,29.2,0.00,100,20.2
2025-02-01T15:00,25.7,67,19.1,28.0,0.00,82,24.1
2025-02-01T16:00,25.6,66,18.7,27.4,0.00,100,21.6
2025-02-01T17:00,25.4,65,18.4,27.1,0.00,93,18.0
2025-02-01T18:00,24.6,68,18.3,26.4,0.00,79,17.3
2025-02-01T19:00,22.9,78,18.9,25.3,0.00,87,14.4
2025-02-01T20:00,21.2,85,18.5,23.5,0.00,59,10.4
2025-02-01T21:00,20.4,90,18.7,22.9,0.00,63,9.0
2025-02-01T22:00,19.9,92,18.5,22.4,0.00,81,7.6
2025-02-01T23:00,19.6,92,18.3,22.1,0.00,83,7.2
2025-02-02T00:00,19.5,93,18.3,22.0,0.00,91,6.5
2025-02-02T01:00,19.3,94,18.3,21.8,0.00,94,6.5
2025-02-02T02:00,19.3,94,18.3,21.7,0.00,95,7.2
2025-02-02T03:00,19.1,94,18.1,21.7,0.00,97,7.2
2025-02-02T04:00,19.1,93,17.9,21.9,0.00,68,4.7
2025-02-02T05:00,18.9,93,17.8,21.6,0.00,63,1.4
2025-02-02T06:00,19.0,93,17.8,21.6,0.00,73,1.1
2025-02-02T07:00,19.0,93,17.9,21.8,0.00,94,1.1
2025-02-02T08:00,19.3,95,18.5,22.3,0.00,94,2.2
2025-02-02T09:00,21.4,88,19.3,24.5,0.00,93,5.4
2025-02-02T10:00,23.5,82,20.3,27.0,0.00,100,7.9
2025-02-02T11:00,24.9,76,20.4,28.0,0.00,100,11.9
2025-02-02T12:00,26.0,70,20.1,29.3,0.00,98,12.6
2025-02-02T13:00,26.9,63,19.2,30.2,0.00,89,22.7
2025-02-02T14:00,27.3,60,18.8,30.7,0.00,100,22.0
2025-02-02T15:00,26.3,67,19.7,28.4,0.00,100,17.6
2025-02-02T16:00,24.6,77,20.3,26.5,0.00,100,25.6
2025-02-02T17:00,25.0,75,20.2,27.3,0.00,100,24.8
2025-02-02T18:00,24.6,74,19.7,27.0,0.00,87,24.5
2025-02-02T19:00,23.3,80,19.7,26.3,0.00,93,15.5
2025-02-02T20:00,21.5,88,19.4,24.6,0.00,70,7.6
2025-02-02T21:00,19.9,93,18.8,22.6,0.00,18,6.5
2025-02-02T22:00,19.2,95,18.4,21.6,0.00,51,6.8
2025-02-02T23:00,18.6,96,18.0,20.9,0.00,72,6.8
2025-02-03T00:00,18.3,97,17.8,20.5,0.00,91,6.5
2025-02-03T01:00,18.3,97,17.8,20.6,0.00,94,6.1
2025-02-03T02:00,18.4,96,17.7,20.5,0.00,96,6.8
2025-02-03T03:00,18.5,95,17.7,20.7,0.00,92,7.6
2025-02-03T04:00,18.5,95,17.7,21.0,0.00,87,5.8
2025-02-03T05:00,18.4,96,17.7,20.8,0.00,95,4.0
2025-02-03T06:00,18.2,96,17.5,20.4,0.00,92,5.0
2025-02-03T07:00,18.1,96,17.4,20.4,0.00,95,4.7
2025-02-03T08:00,18.7,95,17.9,21.2,0.00,99,5.0
2025-02-03T09:00,21.7,88,19.6,24.9,0.00,70,6.1
2025-02-03T10:00,24.0,81,20.5,27.4,0.00,87,10.1
2025-02-03T11:00,25.6,73,20.4,29.2,0.00,76,10.8
2025-02-03T12:00,26.7,68,20.3,31.3,0.00,84,24.1
2025-02-03T13:00,27.3,62,19.4,31.7,0.00,71,23.4
2025-02-03T14:00,27.5,59,18.8,31.0,0.00,93,13.3
2025-02-03T15:00,29.1,48,17.0,31.5,0.00,71,22.7
2025-02-03T16:00,28.1,59,19.3,30.0,0.00,100,21.6
2025-02-03T17:00,26.4,70,20.5,28.9,0.00,100,23.8
2025-02-03T18:00,26.2,69,20.1,28.7,0.00,100,17.6
2025-02-03T19:00,25.0,72,19.6,27.6,0.00,0,16.2
2025-02-03T20:00,22.9,81,19.5,25.7,0.00,0,11.5
2025-02-03T21:00,21.6,87,19.3,24.5,0.00,0,8.6
2025-02-03T22:00,20.6,90,18.9,23.5,0.00,0,6.5
2025-02-03T23:00,19.6,93,18.5,22.1,0.00,26,7.2
2025-02-04T00:00,19.0,95,18.2,21.4,0.00,42,7.2
2025-02-04T01:00,18.6,96,17.9,20.9,0.00,78,6.5
2025-02-04T02:00,18.1,97,17.6,20.5,0.00,92,6.5
2025-02-04T03:00,17.8,97,17.3,20.1,0.00,98,6.5
2025-02-04T04:00,18.2,96,17.5,20.3,0.00,100,6.8
2025-02-04T05:00,18.2,95,17.4,20.3,0.00,100,7.2
2025-02-04T06:00,18.1,95,17.3,20.3,0.00,100,5.8
2025-02-04T07:00,17.8,96,17.2,19.7,0.00,79,7.2
2025-02-04T08:00,19.2,93,18.0,21.3,0.00,79,8.6
2025-02-04T09:00,21.5,87,19.2,24.1,0.00,83,8.6
2025-02-04T10:00,24.0,81,20.6,26.9,0.00,85,15.5
2025-02-04T11:00,25.8,75,21.0,29.3,0.00,91,15.8
2025-02-04T12:00,26.8,69,20.7,30.9,0.00,81,22.0
2025-02-04T13:00,27.4,65,20.3,32.0,0.00,78,20.9
2025-02-04T14:00,28.0,61,19.8,31.8,0.00,84,18.4
2025-02-04T15:00,26.8,70,20.8,29.5,0.00,63,23.4
2025-02-04T16:00,26.7,64,19.3,28.8,0.00,49,21.6
2025-02-04T17:00,26.5,63,18.9,27.8,0.00,49,23.8
2025-02-04T18:00,25.5,67,18.9,26.9,0.00,44,23.4
2025-02-04T19:00,23.9,74,19.0,25.9,0.00,30,22.7
2025-02-04T20:00,22.0,83,19.0,24.4,0.00,0,15.1
2025-02-04T21:00,21.0,88,19.0,23.7,0.00,0,9.7
2025-02-04T22:00,20.0,93,18.8,22.5,0.00,5,8.6
2025-02-04T23:00,19.4,94,18.4,21.6,0.00,29,9.7
2025-02-05T00:00,19.3,93,18.2,21.5,0.00,11,9.7
2025-02-05T01:00,19.1,93,18.0,21.5,0.00,42,9.4
2025-02-05T02:00,18.6,95,17.8,21.2,0.00,65,6.1
2025-02-05T03:00,18.5,95,17.7,21.2,0.00,38,1.8
2025-02-05T04:00,18.4,96,17.7,21.0,0.00,34,1.4
2025-02-05T05:00,17.7,98,17.4,19.7,0.00,66,6.5
2025-02-05T06:00,17.2,98,16.9,19.1,0.00,74,7.2
2025-02-05T07:00,17.2,97,16.7,19.2,0.00,50,5.4
2025-02-05T08:00,17.9,96,17.3,20.1,0.00,44,4.3
2025-02-05T09:00,22.3,87,20.1,25.7,0.00,38,7.9
2025-02-05T10:00,24.7,80,21.0,28.0,0.00,82,23.4
2025-02-05T11:00,26.3,69,20.1,29.4,0.00,53,19.1
2025-02-05T12:00,27.9,60,19.4,32.2,0.00,52,18.7
2025-02-05T13:00,29.2,53,18.6,33.9,0.00,39,15.8
2025-02-05T14:00,29.7,46,16.9,34.1,0.00,67,13.0
2025-02-05T15:00,28.5,53,18.0,30.9,0.00,81,11.5
2025-02-05T16:00,28.2,57,18.9,29.6,0.00,70,24.1
2025-02-05T17:00,27.4,60,19.0,28.9,0.00,63,26.3
2025-02-05T18:00,26.9,60,18.5,28.0,0.00,19,23.8
2025-02-05T19:00,25.0,66,18.2,26.0,0.00,15,24.8
2025-02-05T20:00,23.0,77,18.8,25.2,0.00,34,22.7
2025-02-05T21:00,22.0,84,19.2,24.8,0.00,48,12.2
2025-02-05T22:00,20.8,89,18.9,23.7,0.00,2,7.2
2025-02-05T23:00,19.8,93,18.6,22.3,0.00,33,7.2
2025-02-06T00:00,18.9,95,18.1,21.2,0.00,48,7.6
2025-02-06T01:00,18.2,97,17.7,20.4,0.00,51,7.2
2025-02-06T02:00,17.7,98,17.4,20.1,0.00,76,6.8
2025-02-06T03:00,17.4,98,17.1,19.6,0.00,85,6.8
2025-02-06T04:00,17.5,98,17.2,19.5,0.00,68,5.0
2025-02-06T05:00,17.0,98,16.7,18.9,0.00,90,4.7
2025-02-06T06:00,16.5,99,16.4,18.4,0.00,81,4.0
2025-02-06T07:00,16.6,100,16.6,18.4,0.00,89,5.4
2025-02-06T08:00,17.7,99,17.6,20.0,0.00,89,6.1
2025-02-06T09:00,20.9,93,19.7,24.3,0.00,86,6.5
2025-02-06T10:00,24.8,80,21.1,28.9,0.00,63,6.5
2025-02-06T11:00,27.3,63,19.6,31.8,0.00,80,8.6
2025-02-06T12:00,28.9,51,17.8,32.9,0.00,90,13.0
2025-02-06T13:00,29.8,46,16.9,33.3,0.00,99,14.8
2025-02-06T14:00,30.5,43,16.5,33.0,0.00,100,16.9
2025-02-06T15:00,31.3,37,14.9,32.1,0.00,100,31.7
2025-02-06T16:00,29.8,48,17.6,30.8,0.00,100,22.7
2025-02-06T17:00,27.7,62,19.8,29.1,0.00,100,28.4
2025-02-06T18:00,26.6,65,19.5,28.0,0.00,100,29.2
2025-02-06T19:00,25.2,66,18.4,27.0,0.00,83,25.6
2025-02-06T20:00,23.0,76,18.6,25.7,0.00,39,14.8
2025-02-06T21:00,21.8,83,18.8,24.5,0.00,51,6.5
2025-02-06T22:00,20.5,89,18.6,23.0,0.00,46,7.2
2025-02-06T23:00,19.6,93,18.5,22.0,0.00,39,8.6
2025-02-07T00:00,19.2,94,18.2,21.6,0.00,38,8.6
2025-02-07T01:00,18.5,95,17.7,20.9,0.00,49,6.5
2025-02-07T02:00,18.0,97,17.5,20.4,0.00,91,4.7
2025-02-07T03:00,17.4,99,17.3,19.6,0.00,96,4.3
2025-02-07T04:00,17.5,98,17.2,19.5,0.00,90,5.8
2025-02-07T05:00,17.5,97,17.0,19.6,0.00,87,5.0
2025-02-07T06:00,17.4,96,16.7,19.5,0.00,84,4.3
2025-02-07T07:00,17.2,96,16.5,19.1,0.00,100,3.6
2025-02-07T08:00,18.0,94,17.0,20.2,0.00,100,5.0
2025-02-07T09:00,23.0,84,20.2,26.4,0.00,100,7.6
2025-02-07T10:00,25.5,73,20.3,27.9,0.00,100,20.2
2025-02-07T11:00,27.0,67,20.3,30.0,0.00,100,22.0
2025-02-07T12:00,27.9,61,19.7,30.9,0.00,100,23.4
2025-02-07T13:00,28.2,57,18.9,30.4,0.00,100,27.4
2025-02-07T14:00,28.4,55,18.5,30.7,0.00,97,29.2
2025-02-07T15:00,28.3,56,18.7,30.6,0.00,58,28.8
2025-02-07T16:00,27.9,57,18.6,29.6,0.00,69,27.0
2025-02-07T17:00,27.6,56,18.1,28.6,0.00,100,25.2
2025-02-07T18:00,26.6,60,18.2,27.7,0.00,100,23.0
2025-02-07T19:00,24.7,70,18.9,26.8,0.00,100,22.0
2025-02-07T20:00,22.7,80,19.0,25.5,0.00,100,13.7
2025-02-07T21:00,20.9,89,19.0,23.6,0.00,100,6.5
2025-02-07T22:00,20.0,92,18.6,22.4,0.00,80,8.3
2025-02-07T23:00,19.7,92,18.4,21.8,0.00,49,10.8
2025-02-08T00:00,20.2,89,18.3,22.4,0.00,74,10.8
2025-02-08T01:00,20.1,90,18.4,22.7,0.00,100,9.0
2025-02-08T02:00,20.0,92,18.7,22.5,0.00,82,9.7
2025-02-08T03:00,20.3,92,19.0,23.2,0.00,81,9.0
2025-02-08T04:00,20.3,92,19.0,23.5,0.00,100,5.0
2025-02-08T05:00,20.2,93,19.0,23.0,0.00,100,6.1
2025-02-08T06:00,20.0,94,19.0,22.6,0.00,98,8.6
2025-02-08T07:00,19.8,95,18.9,22.9,0.00,99,8.3
2025-02-08T08:00,20.0,95,19.1,22.9,0.00,100,6.1
2025-02-08T09:00,22.7,82,19.5,25.4,0.00,86,11.5
2025-02-08T10:00,24.6,72,19.2,26.4,0.00,85,19.8
2025-02-08T11:00,26.1,63,18.5,27.7,0.00,85,22.3
2025-02-08T12:00,27.8,58,18.8,30.8,0.00,83,23.0
2025-02-08T13:00,28.2,57,18.9,31.7,0.00,84,23.0
2025-02-08T14:00,27.9,60,19.4,30.7,0.00,81,23.8
2025-02-08T15:00,27.2,63,19.6,29.4,0.00,68,26.3
2025-02-08T16:00,26.6,63,19.0,28.3,0.00,79,22.0
2025-02-08T17:00,26.5,63,18.9,28.4,0.00,77,19.8
2025-02-08T18:00,25.9,63,18.3,27.6,0.00,57,20.2
2025-02-08T19:00,24.3,71,18.7,26.8,0.00,48,15.5
2025-02-08T20:00,22.1,80,18.5,24.5,0.00,14,9.0
2025-02-08T21:00,20.8,86,18.3,23.1,0.00,13,7.9
2025-02-08T22:00,20.0,89,18.1,22.2,0.00,25,8.3
2025-02-08T23:00,19.5,92,18.1,21.6,0.00,49,8.6
2025-02-09T00:00,19.2,92,17.9,21.4,0.00,40,8.6
2025-02-09T01:00,18.8,94,17.8,21.1,0.00,78,7.6
2025-02-09T02:00,18.6,96,17.9,21.0,0.00,82,6.1
2025-02-09T03:00,18.3,96,17.7,20.7,0.00,76,6.1
2025-02-09T04:00,17.8,97,17.3,20.1,0.00,57,4.0
2025-02-09T05:00,17.2,99,17.0,19.4,0.00,53,3.2
2025-02-09T06:00,16.8,100,16.8,19.0,0.00,68,1.8
2025-02-09T07:00,16.7,100,16.7,18.8,0.00,66,2.9
2025-02-09T08:00,17.6,98,17.3,19.9,0.00,62,3.6
2025-02-09T09:00,22.7,82,19.4,25.8,0.00,0,5.0
2025-02-09T10:00,25.2,72,19.8,27.8,0.00,0,15.8
2025-02-09T11:00,26.8,63,19.1,29.0,0.00,75,24.8
2025-02-09T12:00,26.1,71,20.4,28.2,0.00,77,30.6
2025-02-09T13:00,26.9,66,20.0,29.8,0.00,64,30.2
2025-02-09T14:00,28.3,59,19.5,31.5,0.00,52,26.3
2025-02-09T15:00,28.4,56,18.8,30.5,0.00,76,25.9
2025-02-09T16:00,28.2,54,18.0,29.6,0.00,63,26.3
2025-02-09T17:00,27.4,57,18.2,28.1,0.00,49,27.0
2025-02-09T18:00,26.5,60,18.1,27.3,0.00,39,26.3
2025-02-09T19:00,24.7,68,18.4,26.1,0.00,10,23.8
2025-02-09T20:00,22.8,78,18.7,24.8,0.00,1,18.0
2025-02-09T21:00,21.1,88,19.0,23.6,0.00,0,13.7
2025-02-09T22:00,20.2,92,18.8,22.8,0.00,0,9.7
2025-02-09T23:00,19.4,94,18.4,21.9,0.00,26,7.2
2025-02-10T00:00,18.7,95,17.9,21.0,0.00,40,6.5
2025-02-10T01:00,18.1,97,17.6,20.2,0.00,49,6.5
2025-02-10T02:00,17.6,98,17.3,19.6,0.00,64,6.5
2025-02-10T03:00,16.9,99,16.7,18.8,0.00,79,6.1
2025-02-10T04:00,16.5,99,16.4,18.3,0.00,91,4.7
2025-02-10T05:00,16.3,100,16.3,17.9,0.00,97,5.8
2025-02-10T06:00,16.3,99,16.1,17.9,0.00,95,6.1
2025-02-10T07:00,16.1,99,15.9,17.7,0.00,81,5.4
2025-02-10T08:00,17.0,98,16.7,18.9,0.00,73,4.7
2025-02-10T09:00,22.5,85,19.8,25.9,0.00,7,5.8
2025-02-10T10:00,25.6,74,20.6,29.2,0.00,3,10.1
2025-02-10T11:00,27.8,63,20.1,32.0,0.00,25,14.0
2025-02-10T12:00,29.3,55,19.3,33.7,0.00,52,16.2
2025-02-10T13:00,29.8,52,18.9,33.8,0.00,74,16.6
2025-02-10T14:00,29.7,53,19.1,32.5,0.00,83,20.2
2025-02-10T15:00,29.2,52,18.4,30.8,0.00,82,25.2
2025-02-10T16:00,29.1,53,18.5,30.8,0.00,49,22.3
2025-02-10T17:00,28.6,53,18.1,29.9,0.00,68,22.0
2025-02-10T18:00,27.9,54,17.7,29.2,0.00,34,19.4
2025-02-10T19:00,25.9,64,18.5,28.0,0.00,3,17.3
2025-02-10T20:00,23.4,77,19.2,26.0,0.00,2,11.5
2025-02-10T21:00,22.0,86,19.5,25.1,0.00,0,9.7
2025-02-10T22:00,20.8,91,19.2,23.8,0.00,0,5.0
2025-02-10T23:00,19.8,94,18.8,22.6,0.00,41,5.4
2025-02-11T00:00,19.3,95,18.4,21.9,0.00,73,5.4
2025-02-11T01:00,18.9,97,18.4,21.5,0.00,83,4.7
2025-02-11T02:00,18.8,96,18.1,21.3,0.00,84,5.0
2025-02-11T03:00,18.6,95,17.8,21.1,0.00,63,5.0
2025-02-11T04:00,18.3,95,17.5,20.6,0.00,61,4.7
2025-02-11T05:00,18.2,95,17.4,20.5,0.00,35,4.7
2025-02-11T06:00,18.2,93,17.1,20.5,0.00,4,2.9
2025-02-11T07:00,18.0,93,16.8,19.9,0.00,84,4.7
2025-02-11T08:00,18.7,93,17.5,21.0,0.00,100,5.0
2025-02-11T09:00,23.2,81,19.7,26.6,0.00,93,5.0
2025-02-11T10:00,25.7,71,20.0,29.2,0.00,100,6.5
2025-02-11T11:00,27.3,61,19.1,31.7,0.00,100,6.5
2025-02-11T12:00,28.6,54,18.4,32.9,0.00,100,17.6
2025-02-11T13:00,29.7,50,18.1,34.5,0.00,100,10.8
2025-02-11T14:00,28.6,54,18.4,30.9,0.00,98,18.0
2025-02-11T15:00,29.4,53,18.8,30.3,0.00,100,27.0
2025-02-11T16:00,29.1,54,18.9,30.6,0.00,100,24.5
2025-02-11T17:00,28.8,54,18.5,30.1,0.00,100,21.2
2025-02-11T18:00,27.9,56,18.3,29.2,0.00,75,20.9
2025-02-11T19:00,25.9,63,18.3,27.5,0.00,34,20.5
2025-02-11T20:00,23.6,69,17.6,25.2,0.00,0,15.5
2025-02-11T21:00,22.2,73,17.2,23.8,0.00,0,12.6
2025-02-11T22:00,21.1,78,17.1,22.9,0.00,45,10.1
2025-02-11T23:00,20.3,81,16.9,21.7,0.00,94,10.4
2025-02-12T00:00,19.6,85,17.0,21.4,0.00,92,10.4
2025-02-12T01:00,19.0,88,17.0,21.3,0.00,98,7.2
2025-02-12T02:00,18.2,91,16.7,20.3,0.00,100,2.9
2025-02-12T03:00,17.4,94,16.4,19.1,0.00,93,6.1
2025-02-12T04:00,16.8,95,16.0,18.7,0.00,100,5.4
2025-02-12T05:00,16.7,95,15.9,18.2,0.00,100,4.3
2025-02-12T06:00,16.9,94,15.9,18.7,0.00,29,4.3
2025-02-12T07:00,17.0,93,15.8,18.5,0.00,11,4.3
2025-02-12T08:00,17.8,93,16.6,19.7,0.00,100,4.7
2025-02-12T09:00,22.8,86,20.4,26.5,0.00,100,4.3
2025-02-12T10:00,25.5,77,21.2,28.7,0.00,100,15.5
2025-02-12T11:00,26.4,68,20.0,28.9,0.00,100,22.0
2025-02-12T12:00,27.3,64,19.9,29.4,0.00,100,26.6
2025-02-12T13:00,28.6,57,19.2,31.5,0.00,98,27.0
2025-02-12T14:00,29.3,51,18.1,31.8,0.00,41,25.9
2025-02-12T15:00,30.1,45,16.8,32.1,0.00,47,25.6
2025-02-12T16:00,29.8,44,16.3,30.8,0.00,50,23.8
2025-02-12T17:00,29.2,46,16.4,29.4,0.00,36,23.4
2025-02-12T18:00,28.1,49,16.4,28.4,0.00,5,22.7
2025-02-12T19:00,25.8,58,16.9,26.7,0.00,1,22.0
2025-02-12T20:00,23.3,66,16.6,24.4,0.00,1,16.6
2025-02-12T21:00,21.2,78,17.2,22.9,0.00,0,12.6
2025-02-12T22:00,20.2,84,17.4,22.0,0.00,36,9.0
2025-02-12T23:00,19.8,85,17.2,21.4,0.00,19,9.7
2025-02-13T00:00,19.3,87,17.1,21.0,0.00,45,9.7
2025-02-13T01:00,18.6,91,17.1,20.6,0.00,45,8.3
2025-02-13T02:00,18.0,94,17.0,20.4,0.00,65,5.8
2025-02-13T03:00,17.3,97,16.8,19.3,0.00,72,2.5
2025-02-13T04:00,17.1,96,16.4,19.0,0.00,73,3.2
2025-02-13T05:00,17.2,94,16.2,19.1,0.00,36,2.5
2025-02-13T06:00,17.3,92,16.0,19.0,0.00,9,3.2
2025-02-13T07:00,16.6,93,15.5,18.1,0.00,7,4.0
2025-02-13T08:00,17.6,92,16.3,19.7,0.00,4,3.6
2025-02-13T09:00,22.7,80,19.0,25.9,0.00,56,2.5
2025-02-13T10:00,25.8,69,19.7,29.4,0.00,46,4.0
2025-02-13T11:00,27.6,66,20.7,31.7,0.00,53,16.6
2025-02-13T12:00,27.1,70,21.1,30.1,0.00,100,28.1
2025-02-13T13:00,28.2,62,20.3,31.8,0.00,100,28.1
2025-02-13T14:00,29.4,55,19.4,33.2,0.00,100,22.0
2025-02-13T15:00,29.2,51,18.0,31.1,0.00,95,19.4
2025-02-13T16:00,29.5,49,17.7,31.4,0.00,80,20.2
2025-02-13T17:00,29.2,49,17.4,29.9,0.00,57,21.6
2025-02-13T18:00,28.2,52,17.4,28.9,0.00,23,22.0
2025-02-13T19:00,26.0,61,17.9,27.2,0.00,13,21.6
2025-02-13T20:00,23.7,70,17.9,25.6,0.00,17,16.9
2025-02-13T21:00,22.1,80,18.5,24.5,0.00,11,10.1
2025-02-13T22:00,21.4,83,18.4,23.6,0.00,63,9.7
2025-02-13T23:00,21.1,84,18.3,23.2,0.00,33,10.4
2025-02-14T00:00,20.7,86,18.3,23.2,0.00,49,10.1
2025-02-14T01:00,20.3,88,18.2,23.0,0.00,37,5.4
2025-02-14T02:00,19.3,93,18.1,21.6,0.00,93,6.8
2025-02-14T03:00,19.9,90,18.2,22.6,0.00,83,18.7
2025-02-14T04:00,19.4,93,18.2,22.0,0.00,79,21.6
2025-02-14T05:00,19.4,92,18.0,22.0,0.00,98,4.0
2025-02-14T06:00,19.2,93,18.0,21.6,0.00,100,19.4
2025-02-14T07:00,19.2,92,17.9,21.6,0.00,92,6.8
2025-02-14T08:00,20.0,91,18.5,22.6,0.00,94,6.8
2025-02-14T09:00,23.8,74,18.9,26.6,0.00,80,4.7
2025-02-14T10:00,25.9,65,18.8,28.1,0.00,59,15.1
2025-02-14T11:00,27.6,57,18.3,30.9,0.00,84,16.2
2025-02-14T12:00,28.7,53,18.2,32.8,0.00,77,18.7
2025-02-14T13:00,29.1,51,18.0,33.0,0.00,86,16.6
2025-02-14T14:00,29.8,49,17.9,33.1,0.00,87,14.8
2025-02-14T15:00,30.1,47,17.6,32.3,0.00,75,15.8
2025-02-14T16:00,30.3,45,17.1,32.0,0.00,81,18.4
2025-02-14T17:00,30.1,45,16.9,31.4,0.00,78,16.9
2025-02-14T18:00,29.3,46,16.5,30.2,0.00,72,15.1
2025-02-14T19:00,27.0,53,16.6,27.8,0.00,22,16.2
2025-02-14T20:00,24.6,60,16.3,25.4,0.00,29,17.6
2025-02-14T21:00,22.4,70,16.6,23.8,0.00,24,14.8
2025-02-14T22:00,21.1,76,16.7,22.6,0.00,29,9.7
2025-02-14T23:00,20.6,78,16.6,21.8,0.00,42,11.9
2025-02-15T00:00,20.3,78,16.3,21.7,0.00,70,11.9
2025-02-15T01:00,19.9,80,16.4,21.6,0.00,81,8.3
2025-02-15T02:00,18.7,86,16.3,20.2,0.00,89,7.6
2025-02-15T03:00,18.9,86,16.5,20.8,0.00,89,6.8
2025-02-15T04:00,19.0,86,16.6,20.9,0.00,100,5.0
2025-02-15T05:00,18.7,89,16.9,20.8,0.00,100,5.4
2025-02-15T06:00,18.2,93,17.1,20.5,0.00,96,3.2
2025-02-15T07:00,17.7,97,17.2,19.7,0.00,86,6.1
2025-02-15T08:00,18.7,95,17.9,21.1,0.00,100,6.1
2025-02-15T09:00,22.0,84,19.2,24.6,0.00,100,7.9
2025-02-15T10:00,24.1,75,19.4,26.2,0.00,100,17.6
2025-02-15T11:00,25.7,69,19.6,27.4,0.00,100,25.9
2025-02-15T12:00,27.1,62,19.2,29.0,0.00,100,29.9
2025-02-15T13:00,28.4,53,17.9,30.7,0.00,82,29.5
2025-02-15T14:00,29.6,49,17.8,32.6,0.00,60,27.0
2025-02-15T15:00,29.9,46,17.0,32.2,0.00,78,23.0
2025-02-15T16:00,29.4,47,16.9,30.8,0.00,71,18.0
2025-02-15T17:00,28.6,49,16.8,29.6,0.00,69,17.3
2025-02-15T18:00,28.1,48,16.1,28.9,0.00,70,16.2
2025-02-15T19:00,26.1,56,16.7,27.5,0.00,52,15.1
2025-02-15T20:00,23.3,68,17.0,24.8,0.00,62,10.8
2025-02-15T21:00,21.6,78,17.6,23.6,0.00,80,10.4
2025-02-15T22:00,20.5,85,17.9,22.8,0.00,100,8.3
2025-02-15T23:00,19.7,89,17.8,22.0,0.00,100,6.1
2025-02-16T00:00,18.9,93,17.8,21.2,0.00,100,5.4
2025-02-16T01:00,18.1,96,17.5,20.3,0.00,100,5.8
2025-02-16T02:00,17.5,98,17.2,19.8,0.00,98,5.0
2025-02-16T03:00,18.3,95,17.5,20.5,0.00,89,5.8
2025-02-16T04:00,17.8,97,17.3,20.0,0.00,90,5.0
2025-02-16T05:00,17.7,96,17.0,19.8,0.00,91,4.7
2025-02-16T06:00,17.7,95,16.9,19.8,0.00,89,4.3
2025-02-16T07:00,17.7,95,16.9,19.7,0.00,81,3.6
2025-02-16T08:00,18.5,94,17.5,20.8,0.00,38,4.7
2025-02-16T09:00,23.2,80,19.5,26.5,0.00,39,5.4
2025-02-16T10:00,26.1,69,19.9,29.8,0.00,41,5.4
2025-02-16T11:00,28.0,61,19.8,32.3,0.00,60,20.2
2025-02-16T12:00,28.9,55,19.0,33.4,0.00,93,20.5
2025-02-16T13:00,29.4,54,19.1,33.5,0.00,100,20.2
2025-02-16T14:00,29.4,54,19.1,32.7,0.00,100,17.6
2025-02-16T15:00,27.1,65,19.9,29.2,0.00,100,23.4
2025-02-16T16:00,29.2,55,19.2,31.2,0.00,100,24.8
2025-02-16T17:00,28.6,53,18.1,29.7,0.00,100,24.1
2025-02-16T18:00,27.9,55,18.0,29.1,0.00,10,23.8
2025-02-16T19:00,26.0,62,18.2,27.7,0.00,0,20.2
2025-02-16T20:00,23.6,73,18.5,25.9,0.00,0,13.7
2025-02-16T21:00,22.1,80,18.5,24.7,0.00,0,9.0
2025-02-16T22:00,20.7,85,18.1,23.1,0.00,0,6.1
2025-02-16T23:00,19.5,90,17.8,21.7,0.00,3,7.2
2025-02-17T00:00,19.1,90,17.4,21.0,0.00,8,8.3
2025-02-17T01:00,19.3,88,17.2,21.1,0.00,38,8.6
2025-02-17T02:00,19.3,89,17.4,21.3,0.00,58,7.6
2025-02-17T03:00,19.5,88,17.5,21.9,0.00,72,6.5
2025-02-17T04:00,19.5,88,17.4,21.6,0.00,62,5.0
2025-02-17T05:00,19.4,88,17.4,21.9,0.00,77,5.0
2025-02-17T06:00,19.2,89,17.3,21.4,0.00,79,4.3
2025-02-17T07:00,18.5,93,17.4,20.8,0.00,70,4.3
2025-02-17T08:00,19.0,92,17.7,21.3,0.00,100,6.8
2025-02-17T09:00,23.4,76,18.9,26.1,0.00,69,7.2
2025-02-17T10:00,25.9,65,18.8,27.9,0.00,81,15.5
2025-02-17T11:00,27.2,63,19.5,29.3,0.00,89,22.0
2025-02-17T12:00,28.1,62,20.2,31.3,0.00,86,23.0
2025-02-17T13:00,28.3,60,19.8,31.0,0.00,85,29.2
2025-02-17T14:00,28.4,57,19.1,30.8,0.00,51,31.0
2025-02-17T15:00,29.5,52,18.6,32.5,0.00,48,27.0
2025-02-17T16:00,29.3,51,18.1,31.1,0.00,59,23.0
2025-02-17T17:00,28.8,52,17.9,29.9,0.00,36,23.0
2025-02-17T18:00,28.1,53,17.6,29.2,0.00,16,20.2
2025-02-17T19:00,26.2,62,18.3,28.1,0.00,0,18.7
2025-02-17T20:00,23.6,74,18.7,26.0,0.00,0,11.9
2025-02-17T21:00,22.1,81,18.7,24.7,0.00,0,9.0
2025-02-17T22:00,21.0,85,18.4,23.5,0.00,0,6.1
2025-02-17T23:00,19.7,91,18.2,22.0,0.00,0,8.6
2025-02-18T00:00,19.2,92,17.8,21.5,0.00,39,8.3
2025-02-18T01:00,18.8,93,17.6,21.1,0.00,67,6.1
2025-02-18T02:00,18.4,95,17.6,20.7,0.00,85,4.7
2025-02-18T03:00,18.1,95,17.3,20.4,0.00,80,4.7
2025-02-18T04:00,18.3,94,17.3,20.9,0.00,66,2.2
2025-02-18T05:00,18.6,92,17.2,21.0,0.00,60,1.1
2025-02-18T06:00,18.6,91,17.1,20.8,0.00,58,3.2
2025-02-18T07:00,18.0,93,16.9,20.0,0.00,54,4.3
2025-02-18T08:00,19.1,91,17.6,21.5,0.00,49,4.3
2025-02-18T09:00,23.8,78,19.8,27.3,0.00,64,4.7
2025-02-18T10:00,26.0,71,20.4,27.8,0.00,59,26.6
2025-02-18T11:00,27.3,61,19.1,29.1,0.00,50,29.9
2025-02-18T12:00,28.0,57,18.7,30.5,0.00,81,27.7
2025-02-18T13:00,29.0,53,18.4,32.0,0.00,74,26.3
2025-02-18T14:00,30.2,48,18.0,33.5,0.00,80,23.8
2025-02-18T15:00,29.9,46,17.1,32.2,0.00,85,21.6
2025-02-18T16:00,29.7,47,17.2,30.9,0.00,82,20.9
2025-02-18T17:00,29.2,50,17.7,30.0,0.00,62,23.4
2025-02-18T18:00,28.0,54,17.8,28.8,0.00,33,24.1
2025-02-18T19:00,25.9,63,18.3,27.1,0.00,7,24.5
2025-02-18T20:00,23.5,73,18.4,25.4,0.00,4,21.2
2025-02-18T21:00,21.8,82,18.6,24.2,0.00,2,12.6
2025-02-18T22:00,20.2,89,18.3,22.5,0.00,1,9.0
2025-02-18T23:00,19.2,92,17.9,21.5,0.00,0,8.6
2025-02-19T00:00,18.1,95,17.3,20.4,0.00,40,6.1
2025-02-19T01:00,17.1,99,16.9,19.1,0.00,53,3.6
2025-02-19T02:00,16.7,98,16.4,18.5,0.00,51,5.0
2025-02-19T03:00,15.9,99,15.7,17.3,0.00,59,5.8
2025-02-19T04:00,15.4,100,15.4,16.8,0.00,64,5.4
2025-02-19T05:00,15.2,100,15.2,16.5,0.00,68,4.7
2025-02-19T06:00,14.9,100,14.9,16.1,0.00,71,4.3
2025-02-19T07:00,14.9,100,14.9,16.1,0.00,73,4.3
2025-02-19T08:00,16.0,98,15.7,17.6,0.00,82,4.3
2025-02-19T09:00,21.2,83,18.2,23.9,0.00,25,4.7
2025-02-19T10:00,26.0,60,17.7,28.6,0.00,33,7.6
2025-02-19T11:00,28.4,47,16.0,31.8,0.00,25,7.6
2025-02-19T12:00,30.0,43,16.1,33.8,0.00,67,11.2
2025-02-19T13:00,31.2,39,15.6,34.2,0.00,75,15.5
2025-02-19T14:00,30.9,45,17.6,33.1,0.00,87,20.5
2025-02-19T15:00,30.5,44,16.9,31.8,0.00,79,24.1
2025-02-19T16:00,30.5,42,16.2,31.3,0.00,71,25.6
2025-02-19T17:00,29.4,45,16.3,29.5,0.00,78,24.8
2025-02-19T18:00,28.0,50,16.6,27.8,0.00,8,29.2
2025-02-19T19:00,26.2,53,15.9,26.0,0.00,0,29.2
2025-02-19T20:00,24.0,63,16.5,24.6,0.00,0,24.5
2025-02-19T21:00,22.0,76,17.6,23.8,0.00,0,17.6
2025-02-19T22:00,20.4,86,18.0,22.7,0.00,0,9.4
2025-02-19T23:00,18.7,93,17.5,20.8,0.00,19,6.5
2025-02-20T00:00,17.7,96,17.0,19.6,0.00,44,7.2
2025-02-20T01:00,16.7,98,16.4,18.4,0.00,54,6.5
2025-02-20T02:00,15.9,100,15.9,17.7,0.00,63,5.0
2025-02-20T03:00,15.4,100,15.4,16.7,0.00,62,4.7
2025-02-20T04:00,14.8,99,14.7,15.8,0.00,60,6.1
2025-02-20T05:00,14.7,97,14.2,15.6,0.00,48,5.8
2025-02-20T06:00,14.5,97,14.0,15.4,0.00,40,4.3
2025-02-20T07:00,13.7,99,13.6,14.5,0.00,58,4.3
2025-02-20T08:00,14.7,97,14.2,15.8,0.00,64,4.7
2025-02-20T09:00,21.8,78,17.8,24.6,0.00,10,4.7
2025-02-20T10:00,26.2,60,17.8,29.1,0.00,13,4.7
2025-02-20T11:00,29.1,44,15.6,32.2,0.00,28,9.4
2025-02-20T12:00,31.2,32,12.6,33.6,0.00,28,14.4
2025-02-20T13:00,32.6,30,12.8,34.7,0.00,31,19.1
2025-02-20T14:00,32.9,26,10.8,33.3,0.00,79,23.4
2025-02-20T15:00,33.0,26,11.0,33.9,0.00,59,25.6
2025-02-20T16:00,32.4,26,10.4,30.8,0.00,70,22.7
2025-02-20T17:00,29.5,46,16.7,28.6,0.00,79,38.5
2025-02-20T18:00,28.4,47,16.0,27.6,0.00,17,39.6
2025-02-20T19:00,26.4,55,16.7,27.4,0.00,42,32.4
2025-02-20T20:00,23.6,69,17.6,25.5,0.00,19,13.7
2025-02-20T21:00,22.3,76,17.8,24.7,0.00,1,8.6
2025-02-20T22:00,20.6,85,18.0,22.9,0.00,0,6.5
2025-02-20T23:00,19.2,91,17.7,21.2,0.00,0,7.9
2025-02-21T00:00,18.6,91,17.1,20.5,0.00,27,7.9
2025-02-21T01:00,17.7,94,16.7,19.7,0.00,54,6.1
2025-02-21T02:00,17.6,93,16.5,19.6,0.00,75,2.9
2025-02-21T03:00,18.1,92,16.8,20.0,0.00,92,6.8
2025-02-21T04:00,18.7,89,16.9,20.8,0.00,78,5.0
2025-02-21T05:00,18.3,90,16.6,20.1,0.00,67,5.4
2025-02-21T06:00,18.0,89,16.2,19.9,0.00,30,4.3
2025-02-21T07:00,18.1,87,15.9,19.8,0.00,23,2.2
2025-02-21T08:00,19.0,84,16.3,20.8,0.00,28,4.0
2025-02-21T09:00,23.8,75,19.1,27.1,0.00,4,5.4
2025-02-21T10:00,27.1,56,17.6,29.3,0.00,0,12.2
2025-02-21T11:00,29.8,43,15.9,32.0,0.00,0,17.6
2025-02-21T12:00,31.9,32,13.2,33.6,0.00,0,20.2
2025-02-21T13:00,33.0,27,11.5,33.8,0.00,63,25.2
2025-02-21T14:00,34.0,22,9.3,33.2,0.00,39,29.9
2025-02-21T15:00,33.0,24,9.7,32.3,0.00,66,30.2
2025-02-21T16:00,32.1,27,10.8,30.3,0.00,79,24.8
2025-02-21T17:00,29.2,53,18.6,29.2,0.00,100,39.6
2025-02-21T18:00,29.0,47,16.6,29.3,0.00,100,36.4
2025-02-21T19:00,26.4,66,19.5,28.7,0.00,49,24.1
2025-02-21T20:00,23.7,79,19.8,26.7,0.00,31,14.0
2025-02-21T21:00,22.9,79,19.1,26.0,0.00,0,7.9
2025-02-21T22:00,21.2,85,18.6,23.8,0.00,5,6.8
2025-02-21T23:00,19.9,89,18.0,22.4,0.00,5,6.8
2025-02-22T00:00,19.1,91,17.6,21.7,0.00,36,4.0
2025-02-22T01:00,19.0,91,17.5,21.3,0.00,46,2.5
2025-02-22T02:00,18.8,91,17.3,21.2,0.00,32,3.2
2025-02-22T03:00,20.0,87,17.7,22.5,0.00,70,2.5
2025-02-22T04:00,19.5,87,17.3,21.7,0.00,46,3.6
2025-02-22T05:00,18.7,88,16.6,20.6,0.00,51,3.6
2025-02-22T06:00,18.3,88,16.2,20.1,0.00,35,3.2
2025-02-22T07:00,17.4,89,15.5,18.8,0.00,0,4.7
2025-02-22T08:00,18.5,87,16.3,20.4,0.00,0,4.7
2025-02-22T09:00,24.0,71,18.4,27.1,0.00,20,4.3
2025-02-22T10:00,27.0,55,17.2,29.2,0.00,51,7.2
2025-02-22T11:00,29.2,55,19.3,32.2,0.00,39,21.6
2025-02-22T12:00,31.0,42,16.6,33.4,0.00,22,24.8
2025-02-22T13:00,32.3,32,13.5,34.2,0.00,0,24.8
2025-02-22T14:00,32.9,30,13.1,35.3,0.00,3,22.7
2025-02-22T15:00,32.7,33,14.4,35.0,0.00,39,18.7
2025-02-22T16:00,32.1,32,13.4,32.8,0.00,54,19.1
2025-02-22T17:00,30.7,36,13.9,29.6,0.00,38,28.1
2025-02-22T18:00,28.7,40,13.8,27.4,0.00,33,31.0
2025-02-22T19:00,26.0,45,13.2,25.7,0.00,0,29.9
2025-02-22T20:00,22.9,57,14.0,23.5,0.00,0,15.1
2025-02-22T21:00,21.1,67,14.7,22.0,0.00,19,9.0
2025-02-22T22:00,19.7,74,15.0,21.1,0.00,20,7.2
2025-02-22T23:00,19.1,77,14.9,20.5,0.00,12,2.9
2025-02-23T00:00,19.0,75,14.5,20.3,0.00,0,2.2
2025-02-23T01:00,18.5,77,14.4,19.5,0.00,12,3.6
2025-02-23T02:00,17.9,78,14.0,18.9,0.00,23,3.6
2025-02-23T03:00,18.4,77,14.3,19.5,0.00,21,3.2
2025-02-23T04:00,18.7,72,13.6,19.5,0.00,0,2.9
2025-02-23T05:00,19.2,65,12.4,19.4,0.00,0,4.7
2025-02-23T06:00,18.8,61,11.1,18.7,0.00,0,5.4
2025-02-23T07:00,18.5,60,10.6,18.5,0.00,22,3.6
2025-02-23T08:00,19.7,60,11.7,19.8,0.00,0,4.0
2025-02-23T09:00,23.1,63,15.6,24.7,0.00,30,5.8
2025-02-23T10:00,26.0,53,15.7,27.6,0.00,47,8.3
2025-02-23T11:00,28.0,48,16.0,30.6,0.00,12,14.4
2025-02-23T12:00,29.8,42,15.5,33.4,0.00,0,15.1
2025-02-23T13:00,31.1,36,14.3,35.1,0.00,0,14.0
2025-02-23T14:00,31.8,34,14.0,35.6,0.00,31,11.9
2025-02-23T15:00,31.6,34,13.9,33.5,0.00,69,14.8
2025-02-23T16:00,30.6,38,14.6,30.9,0.00,61,27.0
2025-02-23T17:00,27.9,55,18.0,27.9,0.00,29,38.2
2025-02-23T18:00,27.1,50,15.8,26.6,0.00,0,38.2
2025-02-23T19:00,24.7,64,17.4,25.5,0.00,0,29.9
2025-02-23T20:00,22.6,76,18.2,24.3,0.00,1,20.5
2025-02-23T21:00,21.5,83,18.5,23.6,0.00,1,15.1
2025-02-23T22:00,20.2,90,18.5,22.5,0.00,1,10.8
2025-02-23T23:00,19.4,92,18.1,21.6,0.00,1,9.7
2025-02-24T00:00,18.6,93,17.4,20.8,0.00,10,7.9
2025-02-24T01:00,17.7,96,17.0,19.8,0.00,41,4.0
2025-02-24T02:00,16.5,100,16.5,18.4,0.00,67,4.0
2025-02-24T03:00,16.1,99,15.9,17.7,0.00,68,4.7
2025-02-24T04:00,15.9,99,15.8,17.8,0.00,73,4.3
2025-02-24T05:00,15.9,100,15.9,17.6,0.00,83,2.2
2025-02-24T06:00,15.9,100,15.9,17.6,0.00,76,3.2
2025-02-24T07:00,16.2,100,16.2,18.2,0.00,86,2.9
2025-02-24T08:00,17.6,98,17.3,20.0,0.00,91,1.4
2025-02-24T09:00,22.4,83,19.4,25.7,0.00,88,5.0
2025-02-24T10:00,26.0,71,20.3,28.5,0.00,79,19.1
2025-02-24T11:00,28.6,48,16.5,29.7,0.00,75,28.8
2025-02-24T12:00,30.4,38,14.5,31.3,0.00,71,31.7
2025-02-24T13:00,31.5,33,13.3,32.6,0.00,83,31.7
2025-02-24T14:00,32.0,30,12.3,32.9,0.00,83,30.2
2025-02-24T15:00,31.8,30,12.1,32.4,0.00,81,28.8
2025-02-24T16:00,31.3,30,11.7,30.8,0.00,66,28.8
2025-02-24T17:00,30.3,31,11.3,28.5,0.00,49,29.2
2025-02-24T18:00,28.5,34,11.1,26.5,0.00,30,29.5
2025-02-24T19:00,25.4,46,13.0,24.8,0.00,10,27.7
2025-02-24T20:00,22.7,57,13.7,22.9,0.00,9,17.3
2025-02-24T21:00,21.2,65,14.3,21.9,0.00,15,11.2
2025-02-24T22:00,20.0,71,14.6,21.0,0.00,40,7.6
2025-02-24T23:00,18.6,77,14.5,19.5,0.00,39,6.5
2025-02-25T00:00,17.7,82,14.6,18.5,0.00,44,6.8
2025-02-25T01:00,17.2,84,14.5,18.3,0.00,78,6.8
2025-02-25T02:00,16.9,87,14.7,18.0,0.00,83,5.0
2025-02-25T03:00,17.0,86,14.7,18.2,0.00,82,5.8
2025-02-25T04:00,17.4,83,14.5,18.5,0.00,86,4.3
2025-02-25T05:00,17.5,81,14.2,18.5,0.00,83,4.3
2025-02-25T06:00,17.5,79,13.8,18.5,0.00,77,4.0
2025-02-25T07:00,18.4,72,13.2,19.3,0.00,76,2.9
2025-02-25T08:00,19.7,68,13.6,20.6,0.00,75,2.2
2025-02-25T09:00,23.5,60,15.3,25.0,0.00,74,2.9
2025-02-25T10:00,26.3,56,16.8,27.6,0.00,61,13.7
2025-02-25T11:00,28.8,47,16.4,29.7,0.00,41,30.2
2025-02-25T12:00,30.6,37,14.2,31.8,0.00,37,30.2
2025-02-25T13:00,31.9,34,14.1,34.0,0.00,38,27.7
2025-02-25T14:00,32.6,29,12.2,33.6,0.00,69,24.8
2025-02-25T15:00,33.2,26,11.1,33.7,0.00,53,24.8
2025-02-25T16:00,33.3,25,10.6,33.4,0.00,54,21.6
2025-02-25T17:00,32.8,21,7.6,30.9,0.00,70,19.4
2025-02-25T18:00,31.9,20,6.2,29.7,0.00,76,18.4
2025-02-25T19:00,27.3,47,15.0,27.1,0.00,66,20.5
2025-02-25T20:00,24.8,61,16.8,26.1,0.00,76,23.8
2025-02-25T21:00,23.8,62,16.1,25.4,0.00,81,11.5
2025-02-25T22:00,22.1,70,16.4,23.9,0.00,92,5.4
2025-02-25T23:00,21.0,77,16.8,23.0,0.00,86,4.7
2025-02-26T00:00,21.1,75,16.5,23.3,0.00,47,2.9
2025-02-26T01:00,21.3,72,16.0,22.9,0.00,56,3.6
2025-02-26T02:00,20.6,72,15.3,21.9,0.00,71,6.5
2025-02-26T03:00,21.0,55,11.6,21.0,0.00,84,5.4
2025-02-26T04:00,21.1,53,11.1,21.1,0.00,86,5.4
2025-02-26T05:00,21.1,53,11.1,21.1,0.00,80,2.5
2025-02-26T06:00,20.6,53,10.7,20.5,0.00,65,2.5
2025-02-26T07:00,19.9,53,10.1,19.6,0.00,36,2.5
2025-02-26T08:00,20.3,55,11.0,20.3,0.00,3,2.5
2025-02-26T09:00,24.5,55,14.8,25.8,0.00,27,4.3
2025-02-26T10:00,26.9,42,12.9,26.4,0.00,28,18.7
2025-02-26T11:00,29.0,39,13.6,29.8,0.00,0,21.6
2025-02-26T12:00,30.9,34,13.2,33.0,0.00,0,21.6
2025-02-26T13:00,32.1,30,12.4,35.1,0.00,0,18.0
2025-02-26T14:00,32.5,26,10.5,34.4,0.00,47,14.4
2025-02-26T15:00,33.2,22,8.6,33.1,0.00,48,13.3
2025-02-26T16:00,33.3,22,8.7,32.3,0.00,73,14.0
2025-02-26T17:00,31.3,31,12.2,29.4,0.00,33,30.6
2025-02-26T18:00,29.1,37,12.9,26.9,0.00,9,37.4
2025-02-26T19:00,26.3,48,14.4,26.2,0.00,17,36.0
2025-02-26T20:00,23.2,61,15.2,24.3,0.00,2,16.6
2025-02-26T21:00,21.5,68,15.4,22.6,0.00,14,7.9
2025-02-26T22:00,19.9,75,15.4,21.3,0.00,38,7.6
2025-02-26T23:00,18.5,81,15.2,19.7,0.00,45,6.1
2025-02-27T00:00,17.7,84,15.0,19.3,0.00,18,6.1
2025-02-27T01:00,17.5,83,14.6,18.6,0.00,2,4.3
2025-02-27T02:00,17.5,79,13.8,18.3,0.00,0,4.0
2025-02-27T03:00,17.0,80,13.5,17.6,0.00,0,5.4
2025-02-27T04:00,16.0,81,12.8,16.5,0.00,0,4.7
2025-02-27T05:00,16.0,77,11.9,16.2,0.00,0,4.3
2025-02-27T06:00,16.7,70,11.2,16.8,0.00,28,3.2
2025-02-27T07:00,17.1,65,10.4,17.0,0.00,31,2.5
2025-02-27T08:00,18.5,61,10.9,18.5,0.00,0,2.5
2025-02-27T09:00,23.3,51,12.6,23.9,0.00,0,5.4
2025-02-27T10:00,26.8,41,12.4,27.1,0.00,0,11.2
2025-02-27T11:00,29.2,34,11.8,30.3,0.00,0,15.8
2025-02-27T12:00,31.2,30,11.6,32.9,0.00,0,17.3
2025-02-27T13:00,32.6,27,11.2,35.1,0.00,0,17.3
2025-02-27T14:00,33.6,24,10.2,36.1,0.00,0,15.5
2025-02-27T15:00,33.3,24,10.0,34.0,0.00,64,13.7
2025-02-27T16:00,32.3,26,10.3,30.7,0.00,81,27.0
2025-02-27T17:00,30.2,30,10.7,27.3,0.00,7,37.8
2025-02-27T18:00,29.0,30,9.7,26.2,0.00,6,38.2
2025-02-27T19:00,25.8,42,11.9,24.9,0.00,0,31.0
2025-02-27T20:00,22.6,56,13.4,22.8,0.00,0,16.6
2025-02-27T21:00,20.6,70,14.9,21.4,0.00,0,10.1
2025-02-27T22:00,19.1,80,15.6,20.2,0.00,0,9.4
2025-02-27T23:00,18.2,83,15.3,19.4,0.00,0,9.0
2025-02-28T00:00,16.9,88,14.9,18.1,0.00,0,6.8
2025-02-28T01:00,15.6,93,14.4,16.7,0.00,9,4.7
2025-02-28T02:00,14.6,96,13.9,15.7,0.00,42,4.0
2025-02-28T03:00,14.7,93,13.6,15.7,0.00,26,1.4
2025-02-28T04:00,14.6,91,13.2,15.2,0.00,3,4.0
2025-02-28T05:00,14.1,92,12.8,14.6,0.00,6,4.0
2025-02-28T06:00,13.7,92,12.4,14.2,0.00,7,3.2
2025-02-28T07:00,14.2,88,12.2,14.5,0.00,5,2.9
2025-02-28T08:00,16.4,82,13.3,17.2,0.00,8,3.2
2025-02-28T09:00,22.6,66,15.9,24.4,0.00,9,3.6
2025-02-28T10:00,26.4,55,16.6,28.3,0.00,2,10.4
2025-02-28T11:00,28.8,54,18.5,32.1,0.00,1,17.6
2025-02-28T12:00,30.7,48,18.5,34.5,0.00,9,20.2
2025-02-28T13:00,31.8,44,18.1,35.4,0.00,42,23.8
2025-02-28T14:00,32.4,38,16.3,34.5,0.00,30,29.2
2025-02-28T15:00,32.0,37,15.5,33.2,0.00,23,32.0
2025-02-28T16:00,31.5,34,13.7,31.3,0.00,0,32.0
2025-02-28T17:00,30.4,34,12.8,28.8,0.00,0,31.7
2025-02-28T18:00,28.8,37,12.6,26.9,0.00,0,32.4
2025-02-28T19:00,25.9,50,14.7,25.5,0.00,0,31.7
2025-02-28T20:00,23.4,60,15.2,23.9,0.00,0,21.6
2025-02-28T21:00,21.4,71,15.9,22.7,0.00,0,13.7
2025-02-28T22:00,19.8,79,16.0,21.1,0.00,0,8.6
2025-02-28T23:00,18.6,85,16.0,19.9,0.00,3,8.6
2025-03-01T00:00,18.0,89,16.1,19.3,0.00,19,9.0
2025-03-01T01:00,17.4,90,15.7,18.7,0.00,21,8.6
2025-03-01T02:00,16.4,94,15.4,17.8,0.00,36,7.6
2025-03-01T03:00,15.8,98,15.5,17.6,0.00,51,4.0
2025-03-01T04:00,15.5,98,15.2,17.0,0.00,52,1.8
2025-03-01T05:00,15.8,96,15.2,17.4,0.00,41,2.2
2025-03-01T06:00,16.3,92,15.0,17.5,0.00,14,2.9
2025-03-01T07:00,16.2,92,14.9,17.5,0.00,42,2.9
2025-03-01T08:00,17.5,90,15.8,19.1,0.00,67,3.2
2025-03-01T09:00,22.9,74,18.0,25.6,0.00,65,4.3
2025-03-01T10:00,26.8,61,18.7,29.5,0.00,22,9.4
2025-03-01T11:00,29.6,51,18.4,32.6,0.00,9,18.7
2025-03-01T12:00,31.8,43,17.7,35.2,0.00,18,21.2
2025-03-01T13:00,33.1,38,16.9,36.4,0.00,11,22.7
2025-03-01T14:00,33.4,35,15.8,35.6,0.00,48,24.1
2025-03-01T15:00,30.6,45,17.3,32.3,0.00,41,33.5
2025-03-01T16:00,30.8,43,16.8,31.5,0.00,49,27.7
2025-03-01T17:00,29.8,49,17.9,29.9,0.00,13,34.6
2025-03-01T18:00,28.2,56,18.6,28.5,0.00,4,35.3
2025-03-01T19:00,25.9,63,18.3,26.9,0.00,0,34.6
2025-03-01T20:00,23.8,73,18.7,25.7,0.00,0,24.1
2025-03-01T21:00,22.9,78,18.8,26.0,0.00,5,14.8
2025-03-01T22:00,22.0,81,18.6,24.7,0.00,0,3.6
2025-03-01T23:00,20.3,88,18.3,22.7,0.00,13,7.2
2025-03-02T00:00,19.2,92,17.8,21.4,0.00,11,7.2
2025-03-02T01:00,18.2,94,17.2,20.5,0.00,44,6.1
2025-03-02T02:00,17.6,97,17.1,20.1,0.00,67,2.5
2025-03-02T03:00,17.8,95,17.0,20.1,0.00,61,2.9
2025-03-02T04:00,17.9,93,16.7,19.9,0.00,66,3.6
2025-03-02T05:00,17.8,93,16.7,19.8,0.00,69,3.6
2025-03-02T06:00,17.7,93,16.5,19.6,0.00,68,3.6
2025-03-02T07:00,17.6,93,16.5,19.5,0.00,64,3.2
2025-03-02T08:00,18.7,91,17.2,20.9,0.00,71,4.0
2025-03-02T09:00,23.3,75,18.6,26.4,0.00,67,4.3
2025-03-02T10:00,26.6,62,18.7,29.6,0.00,68,5.0
2025-03-02T11:00,28.7,52,17.9,31.6,0.00,76,8.6
2025-03-02T12:00,30.7,42,16.3,33.5,0.00,100,14.0
2025-03-02T13:00,31.8,40,16.6,34.6,0.00,93,20.9
2025-03-02T14:00,32.0,41,17.1,34.3,0.00,100,26.6
2025-03-02T15:00,31.9,40,16.6,33.1,0.00,100,34.6
2025-03-02T16:00,30.8,46,17.8,32.4,0.00,81,31.0
2025-03-02T17:00,30.5,44,16.9,31.2,0.00,98,26.3
2025-03-02T18:00,29.4,47,16.9,29.7,0.00,94,25.2
2025-03-02T19:00,27.0,56,17.5,28.0,0.00,86,25.2
2025-03-02T20:00,24.6,68,18.3,26.7,0.00,90,19.1
2025-03-02T21:00,23.1,75,18.4,25.8,0.00,86,9.7
2025-03-02T22:00,21.9,82,18.7,24.7,0.00,100,5.0
2025-03-02T23:00,20.9,87,18.6,23.6,0.00,100,5.0
